Workbook
Name APC: Selections!$N$3:$N$9
Name AssetType: Selections!$A$3:$A$16
Name DCS: Selections!$C$3:$C$18
Name Historian: Selections!$O$3:$O$5
Name HMI: Selections!$P$3:$P$5
Name ManualInventory: Selections!$D$3
Name MISC: Selections!$E$3:$E$11
Name NetworkDevices: Selections!$F$3:$F$4
Name PLC: Selections!$G$3:$G$14
Name RTU: Selections!$I$3
Name SCADA: Selections!$J$3:$J$4
Name SIS: Selections!$K$3:$K$10
Name TCS: Selections!$L$3:$L$5
Name VMS: Selections!$M$3
Name WindowsDevices: Selections!$H$3

Sheet Instructions
A1: Required Columns: Company(1) and Site(2) For Three Levels: Utilize Unit (3) Column To Help Build Asset Naming: Utilize Sub-Area (4) Column (will not affect Asset Hierarchy) Input Asset Type (4) and Select Asset Model (5) Select Data Drive (6) Optionally, Review Asset Name and Update Asset Name Accordingly

Sheet Assets
A1: Input Company Name Level 1 (1) | B1: Input Site/Plant Level 2 (2) | C1: Input Units Level 3 (3) | D1: Input Sub-Area (Used to Build Asset Name) (Optional) | E1: Select Asset Type (4) | F1: Select Asset Model (5) | G1: Select Vendor Prefix (6) | H1: Select Product (7) | I1: Input Data Drive (8) | J1: Remove Formula and Enter Asset Prefix Manually, if Needed | K1: Remove Formula and Enter Asset Name Manually, if Needed | L1: Remove Formula and Enter Folder Name Manually, if Needed
A2: Company | B2: Plants | C2: Units | D2: Sub-Area | E2: Asset Type | F2: Asset Model | G2: Vendor Prefix | H2: Product | I2: Data Drive | J2: Asset Prefix | K2: Suggested Asset Naming | L2: Suggested Folder Naming | M2: MDIR Commands
B3: LAR | C3: CAR | E3: ManualInventory | F3: [Manual-Inventory] | G3: =_xlfn.IFNA(VLOOKUP(F3,'Look Table'!B$1:E$64,3,FALSE),"") -> PAS | H3: =_xlfn.IFNA(VLOOKUP(F3,'Look Table'!B$1:E$64,4,FALSE),"") -> ManualInventory | I3: D | J3: =_xlfn.TEXTJOIN("_",TRUE,B3:C3) -> LAR_CAR | K3: =J3&"_"&E3&IF(ISNUMBER(SEARCH("PAS",G3)),"","_")&(_xlfn.TEXTJOIN("_",TRUE,IF(G3 <> "PAS",G3:H3,""))&(IF(Table1[[#This Row],[Sub-Area]]<>"",_xlfn.CONCAT("_",Table1[[#This Row],[Sub-Area]]),""))) -> LAR_CAR_ManualInventory | L3: =IF(I3 <> "",I3&":\PAS\CBR\ProcessedFiles\"&Table1[[#This Row],[Units]]&"\"&Table1[[#This Row],[Asset Type]]&"\"&K3,"") -> D:\PAS\CBR\ProcessedFiles\CAR\ManualInventory\LAR_CAR_ManualInventory | M3: ="MKDIR "&Table1[[#This Row],[Suggested Folder Naming]] -> MKDIR D:\PAS\CBR\ProcessedFiles\CAR\ManualInventory\LAR_CAR_ManualInventory
B4: LAR | C4: WCC | E4: ManualInventory | F4: [Manual-Inventory] | G4: =_xlfn.IFNA(VLOOKUP(F4,'Look Table'!B$1:E$64,3,FALSE),"") -> PAS | H4: =_xlfn.IFNA(VLOOKUP(F4,'Look Table'!B$1:E$64,4,FALSE),"") -> ManualInventory | I4: D | J4: =_xlfn.TEXTJOIN("_",TRUE,B4:C4) -> LAR_WCC | K4: =J4&"_"&E4&IF(ISNUMBER(SEARCH("PAS",G4)),"","_")&(_xlfn.TEXTJOIN("_",TRUE,IF(G4 <> "PAS",G4:H4,""))&(IF(Table1[[#This Row],[Sub-Area]]<>"",_xlfn.CONCAT("_",Table1[[#This Row],[Sub-Area]]),""))) -> LAR_WCC_ManualInventory | L4: =IF(I4 <> "",I4&":\PAS\CBR\ProcessedFiles\"&Table1[[#This Row],[Units]]&"\"&Table1[[#This Row],[Asset Type]]&"\"&K4,"") -> D:\PAS\CBR\ProcessedFiles\WCC\ManualInventory\LAR_WCC_ManualInventory | M4: ="MKDIR "&Table1[[#This Row],[Suggested Folder Naming]] -> MKDIR D:\PAS\CBR\ProcessedFiles\WCC\ManualInventory\LAR_WCC_ManualInventory
B5: LAR | C5: WIL | E5: ManualInventory | F5: [Manual-Inventory] | G5: =_xlfn.IFNA(VLOOKUP(F5,'Look Table'!B$1:E$64,3,FALSE),"") -> PAS | H5: =_xlfn.IFNA(VLOOKUP(F5,'Look Table'!B$1:E$64,4,FALSE),"") -> ManualInventory | I5: D | J5: =_xlfn.TEXTJOIN("_",TRUE,B5:C5) -> LAR_WIL | K5: =J5&"_"&E5&IF(ISNUMBER(SEARCH("PAS",G5)),"","_")&(_xlfn.TEXTJOIN("_",TRUE,IF(G5 <> "PAS",G5:H5,""))&(IF(Table1[[#This Row],[Sub-Area]]<>"",_xlfn.CONCAT("_",Table1[[#This Row],[Sub-Area]]),""))) -> LAR_WIL_ManualInventory | L5: =IF(I5 <> "",I5&":\PAS\CBR\ProcessedFiles\"&Table1[[#This Row],[Units]]&"\"&Table1[[#This Row],[Asset Type]]&"\"&K5,"") -> D:\PAS\CBR\ProcessedFiles\WIL\ManualInventory\LAR_WIL_ManualInventory | M5: ="MKDIR "&Table1[[#This Row],[Suggested Folder Naming]] -> MKDIR D:\PAS\CBR\ProcessedFiles\WIL\ManualInventory\LAR_WIL_ManualInventory
B6: LAR | C6: CAR | D6: 17PLC_9057 | E6: PLC | F6: AB ControlLogix | G6: AB | H6: CtrLogix | I6: D | J6: =_xlfn.TEXTJOIN("_",TRUE,B6:C6) -> LAR_CAR | K6: =J6&"_"&E6&IF(ISNUMBER(SEARCH("PAS",G6)),"","_")&(_xlfn.TEXTJOIN("_",TRUE,IF(G6 <> "PAS",G6:H6,""))&(IF(Table1[[#This Row],[Sub-Area]]<>"",_xlfn.CONCAT("_",Table1[[#This Row],[Sub-Area]]),""))) -> LAR_CAR_PLC_AB_CtrLogix_17PLC_9057 | L6: =IF(I6 <> "",I6&":\PAS\CBR\ProcessedFiles\"&Table1[[#This Row],[Units]]&"\"&Table1[[#This Row],[Asset Type]]&"\"&K6,"") -> D:\PAS\CBR\ProcessedFiles\CAR\PLC\LAR_CAR_PLC_AB_CtrLogix_17PLC_9057 | M6: ="MKDIR "&Table1[[#This Row],[Suggested Folder Naming]] -> MKDIR D:\PAS\CBR\ProcessedFiles\CAR\PLC\LAR_CAR_PLC_AB_CtrLogix_17PLC_9057
B7: LAR | C7: CAR | D7: 17PLC_9057 | E7: PLC | F7: AB ControlLogix | G7: =_xlfn.IFNA(VLOOKUP(F7,'Look Table'!B$1:E$64,3,FALSE),"") -> AB | H7: =_xlfn.IFNA(VLOOKUP(F7,'Look Table'!B$1:E$64,4,FALSE),"") -> CtrLogix | I7: D | J7: =_xlfn.TEXTJOIN("_",TRUE,B7:C7) -> LAR_CAR | K7: =J7&"_"&E7&IF(ISNUMBER(SEARCH("PAS",G7)),"","_")&(_xlfn.TEXTJOIN("_",TRUE,IF(G7 <> "PAS",G7:H7,""))&(IF(Table1[[#This Row],[Sub-Area]]<>"",_xlfn.CONCAT("_",Table1[[#This Row],[Sub-Area]]),""))) -> LAR_CAR_PLC_AB_CtrLogix_17PLC_9057 | L7: =IF(I7 <> "",I7&":\PAS\CBR\ProcessedFiles\"&Table1[[#This Row],[Units]]&"\"&Table1[[#This Row],[Asset Type]]&"\"&K7,"") -> D:\PAS\CBR\ProcessedFiles\CAR\PLC\LAR_CAR_PLC_AB_CtrLogix_17PLC_9057 | M7: ="MKDIR "&Table1[[#This Row],[Suggested Folder Naming]] -> MKDIR D:\PAS\CBR\ProcessedFiles\CAR\PLC\LAR_CAR_PLC_AB_CtrLogix_17PLC_9057
B8: LAR | C8: CAR | D8: 61PLC_9337 | E8: PLC | F8: AB ControlLogix | G8: AB | H8: CtrLogix | I8: D | J8: =_xlfn.TEXTJOIN("_",TRUE,B8:C8) -> LAR_CAR | K8: =J8&"_"&E8&IF(ISNUMBER(SEARCH("PAS",G8)),"","_")&(_xlfn.TEXTJOIN("_",TRUE,IF(G8 <> "PAS",G8:H8,""))&(IF(Table1[[#This Row],[Sub-Area]]<>"",_xlfn.CONCAT("_",Table1[[#This Row],[Sub-Area]]),""))) -> LAR_CAR_PLC_AB_CtrLogix_61PLC_9337 | L8: =IF(I8 <> "",I8&":\PAS\CBR\ProcessedFiles\"&Table1[[#This Row],[Units]]&"\"&Table1[[#This Row],[Asset Type]]&"\"&K8,"") -> D:\PAS\CBR\ProcessedFiles\CAR\PLC\LAR_CAR_PLC_AB_CtrLogix_61PLC_9337 | M8: ="MKDIR "&Table1[[#This Row],[Suggested Folder Naming]] -> MKDIR D:\PAS\CBR\ProcessedFiles\CAR\PLC\LAR_CAR_PLC_AB_CtrLogix_61PLC_9337
B9: LAR | C9: CAR | D9: 61PLC_9347 | E9: PLC | F9: AB ControlLogix | G9: AB | H9: CtrLogix | I9: D | J9: =_xlfn.TEXTJOIN("_",TRUE,B9:C9) -> LAR_CAR | K9: =J9&"_"&E9&IF(ISNUMBER(SEARCH("PAS",G9)),"","_")&(_xlfn.TEXTJOIN("_",TRUE,IF(G9 <> "PAS",G9:H9,""))&(IF(Table1[[#This Row],[Sub-Area]]<>"",_xlfn.CONCAT("_",Table1[[#This Row],[Sub-Area]]),""))) -> LAR_CAR_PLC_AB_CtrLogix_61PLC_9347 | L9: =IF(I9 <> "",I9&":\PAS\CBR\ProcessedFiles\"&Table1[[#This Row],[Units]]&"\"&Table1[[#This Row],[Asset Type]]&"\"&K9,"") -> D:\PAS\CBR\ProcessedFiles\CAR\PLC\LAR_CAR_PLC_AB_CtrLogix_61PLC_9347 | M9: ="MKDIR "&Table1[[#This Row],[Suggested Folder Naming]] -> MKDIR D:\PAS\CBR\ProcessedFiles\CAR\PLC\LAR_CAR_PLC_AB_CtrLogix_61PLC_9347
B10: LAR | C10: CAR | D10: 61PLC_9348 | E10: PLC | F10: AB ControlLogix | G10: AB | H10: CtrLogix | I10: D | J10: =_xlfn.TEXTJOIN("_",TRUE,B10:C10) -> LAR_CAR | K10: =J10&"_"&E10&IF(ISNUMBER(SEARCH("PAS",G10)),"","_")&(_xlfn.TEXTJOIN("_",TRUE,IF(G10 <> "PAS",G10:H10,""))&(IF(Table1[[#This Row],[Sub-Area]]<>"",_xlfn.CONCAT("_",Table1[[#This Row],[Sub-Area]]),""))) -> LAR_CAR_PLC_AB_CtrLogix_61PLC_9348 | L10: =IF(I10 <> "",I10&":\PAS\CBR\ProcessedFiles\"&Table1[[#This Row],[Units]]&"\"&Table1[[#This Row],[Asset Type]]&"\"&K10,"") -> D:\PAS\CBR\ProcessedFiles\CAR\PLC\LAR_CAR_PLC_AB_CtrLogix_61PLC_9348 | M10: ="MKDIR "&Table1[[#This Row],[Suggested Folder Naming]] -> MKDIR D:\PAS\CBR\ProcessedFiles\CAR\PLC\LAR_CAR_PLC_AB_CtrLogix_61PLC_9348
B11: LAR | C11: CAR | D11: 70PLC_9318 | E11: PLC | F11: AB ControlLogix | G11: AB | H11: CtrLogix | I11: D | J11: =_xlfn.TEXTJOIN("_",TRUE,B11:C11) -> LAR_CAR | K11: =J11&"_"&E11&IF(ISNUMBER(SEARCH("PAS",G11)),"","_")&(_xlfn.TEXTJOIN("_",TRUE,IF(G11 <> "PAS",G11:H11,""))&(IF(Table1[[#This Row],[Sub-Area]]<>"",_xlfn.CONCAT("_",Table1[[#This Row],[Sub-Area]]),""))) -> LAR_CAR_PLC_AB_CtrLogix_70PLC_9318 | L11: =IF(I11 <> "",I11&":\PAS\CBR\ProcessedFiles\"&Table1[[#This Row],[Units]]&"\"&Table1[[#This Row],[Asset Type]]&"\"&K11,"") -> D:\PAS\CBR\ProcessedFiles\CAR\PLC\LAR_CAR_PLC_AB_CtrLogix_70PLC_9318 | M11: ="MKDIR "&Table1[[#This Row],[Suggested Folder Naming]] -> MKDIR D:\PAS\CBR\ProcessedFiles\CAR\PLC\LAR_CAR_PLC_AB_CtrLogix_70PLC_9318
B12: LAR | C12: CAR | D12: 70PLC_9325 | E12: PLC | F12: AB ControlLogix | G12: AB | H12: CtrLogix | I12: D | J12: =_xlfn.TEXTJOIN("_",TRUE,B12:C12) -> LAR_CAR | K12: =J12&"_"&E12&IF(ISNUMBER(SEARCH("PAS",G12)),"","_")&(_xlfn.TEXTJOIN("_",TRUE,IF(G12 <> "PAS",G12:H12,""))&(IF(Table1[[#This Row],[Sub-Area]]<>"",_xlfn.CONCAT("_",Table1[[#This Row],[Sub-Area]]),""))) -> LAR_CAR_PLC_AB_CtrLogix_70PLC_9325 | L12: =IF(I12 <> "",I12&":\PAS\CBR\ProcessedFiles\"&Table1[[#This Row],[Units]]&"\"&Table1[[#This Row],[Asset Type]]&"\"&K12,"") -> D:\PAS\CBR\ProcessedFiles\CAR\PLC\LAR_CAR_PLC_AB_CtrLogix_70PLC_9325 | M12: ="MKDIR "&Table1[[#This Row],[Suggested Folder Naming]] -> MKDIR D:\PAS\CBR\ProcessedFiles\CAR\PLC\LAR_CAR_PLC_AB_CtrLogix_70PLC_9325
B13: LAR | C13: CAR | D13: 73PLC_9330 | E13: PLC | F13: AB ControlLogix | G13: AB | H13: CtrLogix | I13: D | J13: =_xlfn.TEXTJOIN("_",TRUE,B13:C13) -> LAR_CAR | K13: =J13&"_"&E13&IF(ISNUMBER(SEARCH("PAS",G13)),"","_")&(_xlfn.TEXTJOIN("_",TRUE,IF(G13 <> "PAS",G13:H13,""))&(IF(Table1[[#This Row],[Sub-Area]]<>"",_xlfn.CONCAT("_",Table1[[#This Row],[Sub-Area]]),""))) -> LAR_CAR_PLC_AB_CtrLogix_73PLC_9330 | L13: =IF(I13 <> "",I13&":\PAS\CBR\ProcessedFiles\"&Table1[[#This Row],[Units]]&"\"&Table1[[#This Row],[Asset Type]]&"\"&K13,"") -> D:\PAS\CBR\ProcessedFiles\CAR\PLC\LAR_CAR_PLC_AB_CtrLogix_73PLC_9330 | M13: ="MKDIR "&Table1[[#This Row],[Suggested Folder Naming]] -> MKDIR D:\PAS\CBR\ProcessedFiles\CAR\PLC\LAR_CAR_PLC_AB_CtrLogix_73PLC_9330
B14: LAR | C14: CAR | D14: 74PLC_9338 | E14: PLC | F14: AB ControlLogix | G14: AB | H14: CtrLogix | I14: D | J14: =_xlfn.TEXTJOIN("_",TRUE,B14:C14) -> LAR_CAR | K14: =J14&"_"&E14&IF(ISNUMBER(SEARCH("PAS",G14)),"","_")&(_xlfn.TEXTJOIN("_",TRUE,IF(G14 <> "PAS",G14:H14,""))&(IF(Table1[[#This Row],[Sub-Area]]<>"",_xlfn.CONCAT("_",Table1[[#This Row],[Sub-Area]]),""))) -> LAR_CAR_PLC_AB_CtrLogix_74PLC_9338 | L14: =IF(I14 <> "",I14&":\PAS\CBR\ProcessedFiles\"&Table1[[#This Row],[Units]]&"\"&Table1[[#This Row],[Asset Type]]&"\"&K14,"") -> D:\PAS\CBR\ProcessedFiles\CAR\PLC\LAR_CAR_PLC_AB_CtrLogix_74PLC_9338 | M14: ="MKDIR "&Table1[[#This Row],[Suggested Folder Naming]] -> MKDIR D:\PAS\CBR\ProcessedFiles\CAR\PLC\LAR_CAR_PLC_AB_CtrLogix_74PLC_9338
B15: LAR | C15: CAR | D15: 75_PLC_9354 | E15: PLC | F15: AB ControlLogix | G15: =_xlfn.IFNA(VLOOKUP(F15,'Look Table'!B$1:E$64,3,FALSE),"") -> AB | H15: =_xlfn.IFNA(VLOOKUP(F15,'Look Table'!B$1:E$64,4,FALSE),"") -> CtrLogix | I15: D | J15: =_xlfn.TEXTJOIN("_",TRUE,B15:C15) -> LAR_CAR | K15: =J15&"_"&E15&IF(ISNUMBER(SEARCH("PAS",G15)),"","_")&(_xlfn.TEXTJOIN("_",TRUE,IF(G15 <> "PAS",G15:H15,""))&(IF(Table1[[#This Row],[Sub-Area]]<>"",_xlfn.CONCAT("_",Table1[[#This Row],[Sub-Area]]),""))) -> LAR_CAR_PLC_AB_CtrLogix_75_PLC_9354 | L15: =IF(I15 <> "",I15&":\PAS\CBR\ProcessedFiles\"&Table1[[#This Row],[Units]]&"\"&Table1[[#This Row],[Asset Type]]&"\"&K15,"") -> D:\PAS\CBR\ProcessedFiles\CAR\PLC\LAR_CAR_PLC_AB_CtrLogix_75_PLC_9354 | M15: ="MKDIR "&Table1[[#This Row],[Suggested Folder Naming]] -> MKDIR D:\PAS\CBR\ProcessedFiles\CAR\PLC\LAR_CAR_PLC_AB_CtrLogix_75_PLC_9354
B16: LAR | C16: CAR | D16: 75PLC_9333 | E16: PLC | F16: AB ControlLogix | G16: =_xlfn.IFNA(VLOOKUP(F16,'Look Table'!B$1:E$64,3,FALSE),"") -> AB | H16: =_xlfn.IFNA(VLOOKUP(F16,'Look Table'!B$1:E$64,4,FALSE),"") -> CtrLogix | I16: D | J16: =_xlfn.TEXTJOIN("_",TRUE,B16:C16) -> LAR_CAR | K16: =J16&"_"&E16&IF(ISNUMBER(SEARCH("PAS",G16)),"","_")&(_xlfn.TEXTJOIN("_",TRUE,IF(G16 <> "PAS",G16:H16,""))&(IF(Table1[[#This Row],[Sub-Area]]<>"",_xlfn.CONCAT("_",Table1[[#This Row],[Sub-Area]]),""))) -> LAR_CAR_PLC_AB_CtrLogix_75PLC_9333 | L16: =IF(I16 <> "",I16&":\PAS\CBR\ProcessedFiles\"&Table1[[#This Row],[Units]]&"\"&Table1[[#This Row],[Asset Type]]&"\"&K16,"") -> D:\PAS\CBR\ProcessedFiles\CAR\PLC\LAR_CAR_PLC_AB_CtrLogix_75PLC_9333 | M16: ="MKDIR "&Table1[[#This Row],[Suggested Folder Naming]] -> MKDIR D:\PAS\CBR\ProcessedFiles\CAR\PLC\LAR_CAR_PLC_AB_CtrLogix_75PLC_9333
B17: LAR | C17: CAR | D17: 80PLC_9052 | E17: PLC | F17: AB ControlLogix | G17: =_xlfn.IFNA(VLOOKUP(F17,'Look Table'!B$1:E$64,3,FALSE),"") -> AB | H17: =_xlfn.IFNA(VLOOKUP(F17,'Look Table'!B$1:E$64,4,FALSE),"") -> CtrLogix | I17: D | J17: =_xlfn.TEXTJOIN("_",TRUE,B17:C17) -> LAR_CAR | K17: =J17&"_"&E17&IF(ISNUMBER(SEARCH("PAS",G17)),"","_")&(_xlfn.TEXTJOIN("_",TRUE,IF(G17 <> "PAS",G17:H17,""))&(IF(Table1[[#This Row],[Sub-Area]]<>"",_xlfn.CONCAT("_",Table1[[#This Row],[Sub-Area]]),""))) -> LAR_CAR_PLC_AB_CtrLogix_80PLC_9052 | L17: =IF(I17 <> "",I17&":\PAS\CBR\ProcessedFiles\"&Table1[[#This Row],[Units]]&"\"&Table1[[#This Row],[Asset Type]]&"\"&K17,"") -> D:\PAS\CBR\ProcessedFiles\CAR\PLC\LAR_CAR_PLC_AB_CtrLogix_80PLC_9052 | M17: ="MKDIR "&Table1[[#This Row],[Suggested Folder Naming]] -> MKDIR D:\PAS\CBR\ProcessedFiles\CAR\PLC\LAR_CAR_PLC_AB_CtrLogix_80PLC_9052
B18: LAR | C18: CAR | D18: 82PLC_9332 | E18: PLC | F18: AB ControlLogix | G18: AB | H18: CtrLogix | I18: D | J18: =_xlfn.TEXTJOIN("_",TRUE,B18:C18) -> LAR_CAR | K18: =J18&"_"&E18&IF(ISNUMBER(SEARCH("PAS",G18)),"","_")&(_xlfn.TEXTJOIN("_",TRUE,IF(G18 <> "PAS",G18:H18,""))&(IF(Table1[[#This Row],[Sub-Area]]<>"",_xlfn.CONCAT("_",Table1[[#This Row],[Sub-Area]]),""))) -> LAR_CAR_PLC_AB_CtrLogix_82PLC_9332 | L18: =IF(I18 <> "",I18&":\PAS\CBR\ProcessedFiles\"&Table1[[#This Row],[Units]]&"\"&Table1[[#This Row],[Asset Type]]&"\"&K18,"") -> D:\PAS\CBR\ProcessedFiles\CAR\PLC\LAR_CAR_PLC_AB_CtrLogix_82PLC_9332 | M18: ="MKDIR "&Table1[[#This Row],[Suggested Folder Naming]] -> MKDIR D:\PAS\CBR\ProcessedFiles\CAR\PLC\LAR_CAR_PLC_AB_CtrLogix_82PLC_9332
B19: LAR | C19: CAR | D19: 84PLC_9308 | E19: PLC | F19: AB ControlLogix | G19: AB | H19: CtrLogix | I19: D | J19: =_xlfn.TEXTJOIN("_",TRUE,B19:C19) -> LAR_CAR | K19: =J19&"_"&E19&IF(ISNUMBER(SEARCH("PAS",G19)),"","_")&(_xlfn.TEXTJOIN("_",TRUE,IF(G19 <> "PAS",G19:H19,""))&(IF(Table1[[#This Row],[Sub-Area]]<>"",_xlfn.CONCAT("_",Table1[[#This Row],[Sub-Area]]),""))) -> LAR_CAR_PLC_AB_CtrLogix_84PLC_9308 | L19: =IF(I19 <> "",I19&":\PAS\CBR\ProcessedFiles\"&Table1[[#This Row],[Units]]&"\"&Table1[[#This Row],[Asset Type]]&"\"&K19,"") -> D:\PAS\CBR\ProcessedFiles\CAR\PLC\LAR_CAR_PLC_AB_CtrLogix_84PLC_9308 | M19: ="MKDIR "&Table1[[#This Row],[Suggested Folder Naming]] -> MKDIR D:\PAS\CBR\ProcessedFiles\CAR\PLC\LAR_CAR_PLC_AB_CtrLogix_84PLC_9308
B20: LAR | C20: CAR | D20: 84PLC_9309 | E20: PLC | F20: AB ControlLogix | G20: AB | H20: CtrLogix | I20: D | J20: =_xlfn.TEXTJOIN("_",TRUE,B20:C20) -> LAR_CAR | K20: =J20&"_"&E20&IF(ISNUMBER(SEARCH("PAS",G20)),"","_")&(_xlfn.TEXTJOIN("_",TRUE,IF(G20 <> "PAS",G20:H20,""))&(IF(Table1[[#This Row],[Sub-Area]]<>"",_xlfn.CONCAT("_",Table1[[#This Row],[Sub-Area]]),""))) -> LAR_CAR_PLC_AB_CtrLogix_84PLC_9309 | L20: =IF(I20 <> "",I20&":\PAS\CBR\ProcessedFiles\"&Table1[[#This Row],[Units]]&"\"&Table1[[#This Row],[Asset Type]]&"\"&K20,"") -> D:\PAS\CBR\ProcessedFiles\CAR\PLC\LAR_CAR_PLC_AB_CtrLogix_84PLC_9309 | M20: ="MKDIR "&Table1[[#This Row],[Suggested Folder Naming]] -> MKDIR D:\PAS\CBR\ProcessedFiles\CAR\PLC\LAR_CAR_PLC_AB_CtrLogix_84PLC_9309
B21: LAR | C21: CAR | D21: 84PLC_9310 | E21: PLC | F21: AB ControlLogix | G21: AB | H21: CtrLogix | I21: D | J21: =_xlfn.TEXTJOIN("_",TRUE,B21:C21) -> LAR_CAR | K21: =J21&"_"&E21&IF(ISNUMBER(SEARCH("PAS",G21)),"","_")&(_xlfn.TEXTJOIN("_",TRUE,IF(G21 <> "PAS",G21:H21,""))&(IF(Table1[[#This Row],[Sub-Area]]<>"",_xlfn.CONCAT("_",Table1[[#This Row],[Sub-Area]]),""))) -> LAR_CAR_PLC_AB_CtrLogix_84PLC_9310 | L21: =IF(I21 <> "",I21&":\PAS\CBR\ProcessedFiles\"&Table1[[#This Row],[Units]]&"\"&Table1[[#This Row],[Asset Type]]&"\"&K21,"") -> D:\PAS\CBR\ProcessedFiles\CAR\PLC\LAR_CAR_PLC_AB_CtrLogix_84PLC_9310 | M21: ="MKDIR "&Table1[[#This Row],[Suggested Folder Naming]] -> MKDIR D:\PAS\CBR\ProcessedFiles\CAR\PLC\LAR_CAR_PLC_AB_CtrLogix_84PLC_9310
B22: LAR | C22: CAR | D22: 84PLC_9311 | E22: PLC | F22: AB ControlLogix | G22: AB | H22: CtrLogix | I22: D | J22: =_xlfn.TEXTJOIN("_",TRUE,B22:C22) -> LAR_CAR | K22: =J22&"_"&E22&IF(ISNUMBER(SEARCH("PAS",G22)),"","_")&(_xlfn.TEXTJOIN("_",TRUE,IF(G22 <> "PAS",G22:H22,""))&(IF(Table1[[#This Row],[Sub-Area]]<>"",_xlfn.CONCAT("_",Table1[[#This Row],[Sub-Area]]),""))) -> LAR_CAR_PLC_AB_CtrLogix_84PLC_9311 | L22: =IF(I22 <> "",I22&":\PAS\CBR\ProcessedFiles\"&Table1[[#This Row],[Units]]&"\"&Table1[[#This Row],[Asset Type]]&"\"&K22,"") -> D:\PAS\CBR\ProcessedFiles\CAR\PLC\LAR_CAR_PLC_AB_CtrLogix_84PLC_9311 | M22: ="MKDIR "&Table1[[#This Row],[Suggested Folder Naming]] -> MKDIR D:\PAS\CBR\ProcessedFiles\CAR\PLC\LAR_CAR_PLC_AB_CtrLogix_84PLC_9311
B23: LAR | C23: CAR | D23: 84PLC_9312 | E23: PLC | F23: AB ControlLogix | G23: AB | H23: CtrLogix | I23: D | J23: =_xlfn.TEXTJOIN("_",TRUE,B23:C23) -> LAR_CAR | K23: =J23&"_"&E23&IF(ISNUMBER(SEARCH("PAS",G23)),"","_")&(_xlfn.TEXTJOIN("_",TRUE,IF(G23 <> "PAS",G23:H23,""))&(IF(Table1[[#This Row],[Sub-Area]]<>"",_xlfn.CONCAT("_",Table1[[#This Row],[Sub-Area]]),""))) -> LAR_CAR_PLC_AB_CtrLogix_84PLC_9312 | L23: =IF(I23 <> "",I23&":\PAS\CBR\ProcessedFiles\"&Table1[[#This Row],[Units]]&"\"&Table1[[#This Row],[Asset Type]]&"\"&K23,"") -> D:\PAS\CBR\ProcessedFiles\CAR\PLC\LAR_CAR_PLC_AB_CtrLogix_84PLC_9312 | M23: ="MKDIR "&Table1[[#This Row],[Suggested Folder Naming]] -> MKDIR D:\PAS\CBR\ProcessedFiles\CAR\PLC\LAR_CAR_PLC_AB_CtrLogix_84PLC_9312
B24: LAR | C24: CAR | D24: 87PLC_9340 | E24: PLC | F24: AB ControlLogix | G24: AB | H24: CtrLogix | I24: D | J24: =_xlfn.TEXTJOIN("_",TRUE,B24:C24) -> LAR_CAR | K24: =J24&"_"&E24&IF(ISNUMBER(SEARCH("PAS",G24)),"","_")&(_xlfn.TEXTJOIN("_",TRUE,IF(G24 <> "PAS",G24:H24,""))&(IF(Table1[[#This Row],[Sub-Area]]<>"",_xlfn.CONCAT("_",Table1[[#This Row],[Sub-Area]]),""))) -> LAR_CAR_PLC_AB_CtrLogix_87PLC_9340 | L24: =IF(I24 <> "",I24&":\PAS\CBR\ProcessedFiles\"&Table1[[#This Row],[Units]]&"\"&Table1[[#This Row],[Asset Type]]&"\"&K24,"") -> D:\PAS\CBR\ProcessedFiles\CAR\PLC\LAR_CAR_PLC_AB_CtrLogix_87PLC_9340 | M24: ="MKDIR "&Table1[[#This Row],[Suggested Folder Naming]] -> MKDIR D:\PAS\CBR\ProcessedFiles\CAR\PLC\LAR_CAR_PLC_AB_CtrLogix_87PLC_9340
B25: LAR | C25: CAR | D25: 88PLC_9329 | E25: PLC | F25: AB ControlLogix | G25: AB | H25: CtrLogix | I25: D | J25: =_xlfn.TEXTJOIN("_",TRUE,B25:C25) -> LAR_CAR | K25: =J25&"_"&E25&IF(ISNUMBER(SEARCH("PAS",G25)),"","_")&(_xlfn.TEXTJOIN("_",TRUE,IF(G25 <> "PAS",G25:H25,""))&(IF(Table1[[#This Row],[Sub-Area]]<>"",_xlfn.CONCAT("_",Table1[[#This Row],[Sub-Area]]),""))) -> LAR_CAR_PLC_AB_CtrLogix_88PLC_9329 | L25: =IF(I25 <> "",I25&":\PAS\CBR\ProcessedFiles\"&Table1[[#This Row],[Units]]&"\"&Table1[[#This Row],[Asset Type]]&"\"&K25,"") -> D:\PAS\CBR\ProcessedFiles\CAR\PLC\LAR_CAR_PLC_AB_CtrLogix_88PLC_9329 | M25: ="MKDIR "&Table1[[#This Row],[Suggested Folder Naming]] -> MKDIR D:\PAS\CBR\ProcessedFiles\CAR\PLC\LAR_CAR_PLC_AB_CtrLogix_88PLC_9329
B26: LAR | C26: CAR | D26: 98PLC_9327 | E26: PLC | F26: AB ControlLogix | G26: AB | H26: CtrLogix | I26: D | J26: =_xlfn.TEXTJOIN("_",TRUE,B26:C26) -> LAR_CAR | K26: =J26&"_"&E26&IF(ISNUMBER(SEARCH("PAS",G26)),"","_")&(_xlfn.TEXTJOIN("_",TRUE,IF(G26 <> "PAS",G26:H26,""))&(IF(Table1[[#This Row],[Sub-Area]]<>"",_xlfn.CONCAT("_",Table1[[#This Row],[Sub-Area]]),""))) -> LAR_CAR_PLC_AB_CtrLogix_98PLC_9327 | L26: =IF(I26 <> "",I26&":\PAS\CBR\ProcessedFiles\"&Table1[[#This Row],[Units]]&"\"&Table1[[#This Row],[Asset Type]]&"\"&K26,"") -> D:\PAS\CBR\ProcessedFiles\CAR\PLC\LAR_CAR_PLC_AB_CtrLogix_98PLC_9327 | M26: ="MKDIR "&Table1[[#This Row],[Suggested Folder Naming]] -> MKDIR D:\PAS\CBR\ProcessedFiles\CAR\PLC\LAR_CAR_PLC_AB_CtrLogix_98PLC_9327
B27: LAR | C27: CAR | D27: 98PLC_9328 | E27: PLC | F27: AB ControlLogix | G27: AB | H27: CtrLogix | I27: D | J27: =_xlfn.TEXTJOIN("_",TRUE,B27:C27) -> LAR_CAR | K27: =J27&"_"&E27&IF(ISNUMBER(SEARCH("PAS",G27)),"","_")&(_xlfn.TEXTJOIN("_",TRUE,IF(G27 <> "PAS",G27:H27,""))&(IF(Table1[[#This Row],[Sub-Area]]<>"",_xlfn.CONCAT("_",Table1[[#This Row],[Sub-Area]]),""))) -> LAR_CAR_PLC_AB_CtrLogix_98PLC_9328 | L27: =IF(I27 <> "",I27&":\PAS\CBR\ProcessedFiles\"&Table1[[#This Row],[Units]]&"\"&Table1[[#This Row],[Asset Type]]&"\"&K27,"") -> D:\PAS\CBR\ProcessedFiles\CAR\PLC\LAR_CAR_PLC_AB_CtrLogix_98PLC_9328 | M27: ="MKDIR "&Table1[[#This Row],[Suggested Folder Naming]] -> MKDIR D:\PAS\CBR\ProcessedFiles\CAR\PLC\LAR_CAR_PLC_AB_CtrLogix_98PLC_9328
B28: LAR | C28: CAR | D28: ANLZ_03PLC_9316 | E28: PLC | F28: AB ControlLogix | G28: =_xlfn.IFNA(VLOOKUP(F28,'[1]Look Table'!B$1:E$75,3,FALSE),"") -> AB | H28: =_xlfn.IFNA(VLOOKUP(F28,'[1]Look Table'!B$1:E$75,4,FALSE),"") -> CtrLogix | I28: D | J28: =_xlfn.TEXTJOIN("_",TRUE,B28:C28) -> LAR_CAR | K28: =J28&"_"&E28&IF(ISNUMBER(SEARCH("PAS",G28)),"","_")&(_xlfn.TEXTJOIN("_",TRUE,IF(G28 <> "PAS",G28:H28,""))&(IF(Table1[[#This Row],[Sub-Area]]<>"",_xlfn.CONCAT("_",Table1[[#This Row],[Sub-Area]]),""))) -> LAR_CAR_PLC_AB_CtrLogix_ANLZ_03PLC_9316 | L28: =IF(I28 <> "",I28&":\PAS\CBR\ProcessedFiles\"&Table1[[#This Row],[Units]]&"\"&Table1[[#This Row],[Asset Type]]&"\"&K28,"") -> D:\PAS\CBR\ProcessedFiles\CAR\PLC\LAR_CAR_PLC_AB_CtrLogix_ANLZ_03PLC_9316 | M28: ="MKDIR "&Table1[[#This Row],[Suggested Folder Naming]] -> MKDIR D:\PAS\CBR\ProcessedFiles\CAR\PLC\LAR_CAR_PLC_AB_CtrLogix_ANLZ_03PLC_9316
B29: LAR | C29: CAR | D29: ANLZ_03PLC_9322 | E29: PLC | F29: AB ControlLogix | G29: =_xlfn.IFNA(VLOOKUP(F29,'[1]Look Table'!B$1:E$75,3,FALSE),"") -> AB | H29: =_xlfn.IFNA(VLOOKUP(F29,'[1]Look Table'!B$1:E$75,4,FALSE),"") -> CtrLogix | I29: D | J29: =_xlfn.TEXTJOIN("_",TRUE,B29:C29) -> LAR_CAR | K29: =J29&"_"&E29&IF(ISNUMBER(SEARCH("PAS",G29)),"","_")&(_xlfn.TEXTJOIN("_",TRUE,IF(G29 <> "PAS",G29:H29,""))&(IF(Table1[[#This Row],[Sub-Area]]<>"",_xlfn.CONCAT("_",Table1[[#This Row],[Sub-Area]]),""))) -> LAR_CAR_PLC_AB_CtrLogix_ANLZ_03PLC_9322 | L29: =IF(I29 <> "",I29&":\PAS\CBR\ProcessedFiles\"&Table1[[#This Row],[Units]]&"\"&Table1[[#This Row],[Asset Type]]&"\"&K29,"") -> D:\PAS\CBR\ProcessedFiles\CAR\PLC\LAR_CAR_PLC_AB_CtrLogix_ANLZ_03PLC_9322 | M29: ="MKDIR "&Table1[[#This Row],[Suggested Folder Naming]] -> MKDIR D:\PAS\CBR\ProcessedFiles\CAR\PLC\LAR_CAR_PLC_AB_CtrLogix_ANLZ_03PLC_9322
B30: LAR | C30: CAR | D30: ANLZ_11PLC_9315 | E30: PLC | F30: AB ControlLogix | G30: =_xlfn.IFNA(VLOOKUP(F30,'[1]Look Table'!B$1:E$75,3,FALSE),"") -> AB | H30: =_xlfn.IFNA(VLOOKUP(F30,'[1]Look Table'!B$1:E$75,4,FALSE),"") -> CtrLogix | I30: D | J30: =_xlfn.TEXTJOIN("_",TRUE,B30:C30) -> LAR_CAR | K30: =J30&"_"&E30&IF(ISNUMBER(SEARCH("PAS",G30)),"","_")&(_xlfn.TEXTJOIN("_",TRUE,IF(G30 <> "PAS",G30:H30,""))&(IF(Table1[[#This Row],[Sub-Area]]<>"",_xlfn.CONCAT("_",Table1[[#This Row],[Sub-Area]]),""))) -> LAR_CAR_PLC_AB_CtrLogix_ANLZ_11PLC_9315 | L30: =IF(I30 <> "",I30&":\PAS\CBR\ProcessedFiles\"&Table1[[#This Row],[Units]]&"\"&Table1[[#This Row],[Asset Type]]&"\"&K30,"") -> D:\PAS\CBR\ProcessedFiles\CAR\PLC\LAR_CAR_PLC_AB_CtrLogix_ANLZ_11PLC_9315 | M30: ="MKDIR "&Table1[[#This Row],[Suggested Folder Naming]] -> MKDIR D:\PAS\CBR\ProcessedFiles\CAR\PLC\LAR_CAR_PLC_AB_CtrLogix_ANLZ_11PLC_9315
B31: LAR | C31: CAR | D31: ANLZ_11PLC_9324 | E31: PLC | F31: AB ControlLogix | G31: =_xlfn.IFNA(VLOOKUP(F31,'[1]Look Table'!B$1:E$75,3,FALSE),"") -> AB | H31: =_xlfn.IFNA(VLOOKUP(F31,'[1]Look Table'!B$1:E$75,4,FALSE),"") -> CtrLogix | I31: D | J31: =_xlfn.TEXTJOIN("_",TRUE,B31:C31) -> LAR_CAR | K31: =J31&"_"&E31&IF(ISNUMBER(SEARCH("PAS",G31)),"","_")&(_xlfn.TEXTJOIN("_",TRUE,IF(G31 <> "PAS",G31:H31,""))&(IF(Table1[[#This Row],[Sub-Area]]<>"",_xlfn.CONCAT("_",Table1[[#This Row],[Sub-Area]]),""))) -> LAR_CAR_PLC_AB_CtrLogix_ANLZ_11PLC_9324 | L31: =IF(I31 <> "",I31&":\PAS\CBR\ProcessedFiles\"&Table1[[#This Row],[Units]]&"\"&Table1[[#This Row],[Asset Type]]&"\"&K31,"") -> D:\PAS\CBR\ProcessedFiles\CAR\PLC\LAR_CAR_PLC_AB_CtrLogix_ANLZ_11PLC_9324 | M31: ="MKDIR "&Table1[[#This Row],[Suggested Folder Naming]] -> MKDIR D:\PAS\CBR\ProcessedFiles\CAR\PLC\LAR_CAR_PLC_AB_CtrLogix_ANLZ_11PLC_9324
B32: LAR | C32: CAR | D32: ANLZ_23PLC_9317 | E32: PLC | F32: AB ControlLogix | G32: =_xlfn.IFNA(VLOOKUP(F32,'[1]Look Table'!B$1:E$75,3,FALSE),"") -> AB | H32: =_xlfn.IFNA(VLOOKUP(F32,'[1]Look Table'!B$1:E$75,4,FALSE),"") -> CtrLogix | I32: D | J32: =_xlfn.TEXTJOIN("_",TRUE,B32:C32) -> LAR_CAR | K32: =J32&"_"&E32&IF(ISNUMBER(SEARCH("PAS",G32)),"","_")&(_xlfn.TEXTJOIN("_",TRUE,IF(G32 <> "PAS",G32:H32,""))&(IF(Table1[[#This Row],[Sub-Area]]<>"",_xlfn.CONCAT("_",Table1[[#This Row],[Sub-Area]]),""))) -> LAR_CAR_PLC_AB_CtrLogix_ANLZ_23PLC_9317 | L32: =IF(I32 <> "",I32&":\PAS\CBR\ProcessedFiles\"&Table1[[#This Row],[Units]]&"\"&Table1[[#This Row],[Asset Type]]&"\"&K32,"") -> D:\PAS\CBR\ProcessedFiles\CAR\PLC\LAR_CAR_PLC_AB_CtrLogix_ANLZ_23PLC_9317 | M32: ="MKDIR "&Table1[[#This Row],[Suggested Folder Naming]] -> MKDIR D:\PAS\CBR\ProcessedFiles\CAR\PLC\LAR_CAR_PLC_AB_CtrLogix_ANLZ_23PLC_9317
B33: LAR | C33: CAR | D33: ANLZ_23PLC_9323 | E33: PLC | F33: AB ControlLogix | G33: =_xlfn.IFNA(VLOOKUP(F33,'[1]Look Table'!B$1:E$75,3,FALSE),"") -> AB | H33: =_xlfn.IFNA(VLOOKUP(F33,'[1]Look Table'!B$1:E$75,4,FALSE),"") -> CtrLogix | I33: D | J33: =_xlfn.TEXTJOIN("_",TRUE,B33:C33) -> LAR_CAR | K33: =J33&"_"&E33&IF(ISNUMBER(SEARCH("PAS",G33)),"","_")&(_xlfn.TEXTJOIN("_",TRUE,IF(G33 <> "PAS",G33:H33,""))&(IF(Table1[[#This Row],[Sub-Area]]<>"",_xlfn.CONCAT("_",Table1[[#This Row],[Sub-Area]]),""))) -> LAR_CAR_PLC_AB_CtrLogix_ANLZ_23PLC_9323 | L33: =IF(I33 <> "",I33&":\PAS\CBR\ProcessedFiles\"&Table1[[#This Row],[Units]]&"\"&Table1[[#This Row],[Asset Type]]&"\"&K33,"") -> D:\PAS\CBR\ProcessedFiles\CAR\PLC\LAR_CAR_PLC_AB_CtrLogix_ANLZ_23PLC_9323 | M33: ="MKDIR "&Table1[[#This Row],[Suggested Folder Naming]] -> MKDIR D:\PAS\CBR\ProcessedFiles\CAR\PLC\LAR_CAR_PLC_AB_CtrLogix_ANLZ_23PLC_9323
B34: LAR | C34: CAR | D34: ANLZ_70PLC_9313 | E34: PLC | F34: AB ControlLogix | G34: =_xlfn.IFNA(VLOOKUP(F34,'[1]Look Table'!B$1:E$75,3,FALSE),"") -> AB | H34: =_xlfn.IFNA(VLOOKUP(F34,'[1]Look Table'!B$1:E$75,4,FALSE),"") -> CtrLogix | I34: D | J34: =_xlfn.TEXTJOIN("_",TRUE,B34:C34) -> LAR_CAR | K34: =J34&"_"&E34&IF(ISNUMBER(SEARCH("PAS",G34)),"","_")&(_xlfn.TEXTJOIN("_",TRUE,IF(G34 <> "PAS",G34:H34,""))&(IF(Table1[[#This Row],[Sub-Area]]<>"",_xlfn.CONCAT("_",Table1[[#This Row],[Sub-Area]]),""))) -> LAR_CAR_PLC_AB_CtrLogix_ANLZ_70PLC_9313 | L34: =IF(I34 <> "",I34&":\PAS\CBR\ProcessedFiles\"&Table1[[#This Row],[Units]]&"\"&Table1[[#This Row],[Asset Type]]&"\"&K34,"") -> D:\PAS\CBR\ProcessedFiles\CAR\PLC\LAR_CAR_PLC_AB_CtrLogix_ANLZ_70PLC_9313 | M34: ="MKDIR "&Table1[[#This Row],[Suggested Folder Naming]] -> MKDIR D:\PAS\CBR\ProcessedFiles\CAR\PLC\LAR_CAR_PLC_AB_CtrLogix_ANLZ_70PLC_9313
B35: LAR | C35: CAR | D35: ANLZ_73PLC_9307 | E35: PLC | F35: AB ControlLogix | G35: =_xlfn.IFNA(VLOOKUP(F35,'[1]Look Table'!B$1:E$75,3,FALSE),"") -> AB | H35: =_xlfn.IFNA(VLOOKUP(F35,'[1]Look Table'!B$1:E$75,4,FALSE),"") -> CtrLogix | I35: D | J35: =_xlfn.TEXTJOIN("_",TRUE,B35:C35) -> LAR_CAR | K35: =J35&"_"&E35&IF(ISNUMBER(SEARCH("PAS",G35)),"","_")&(_xlfn.TEXTJOIN("_",TRUE,IF(G35 <> "PAS",G35:H35,""))&(IF(Table1[[#This Row],[Sub-Area]]<>"",_xlfn.CONCAT("_",Table1[[#This Row],[Sub-Area]]),""))) -> LAR_CAR_PLC_AB_CtrLogix_ANLZ_73PLC_9307 | L35: =IF(I35 <> "",I35&":\PAS\CBR\ProcessedFiles\"&Table1[[#This Row],[Units]]&"\"&Table1[[#This Row],[Asset Type]]&"\"&K35,"") -> D:\PAS\CBR\ProcessedFiles\CAR\PLC\LAR_CAR_PLC_AB_CtrLogix_ANLZ_73PLC_9307 | M35: ="MKDIR "&Table1[[#This Row],[Suggested Folder Naming]] -> MKDIR D:\PAS\CBR\ProcessedFiles\CAR\PLC\LAR_CAR_PLC_AB_CtrLogix_ANLZ_73PLC_9307
B36: LAR | C36: CAR | D36: ANLZ_80PLC_9314 | E36: PLC | F36: AB ControlLogix | G36: =_xlfn.IFNA(VLOOKUP(F36,'[1]Look Table'!B$1:E$75,3,FALSE),"") -> AB | H36: =_xlfn.IFNA(VLOOKUP(F36,'[1]Look Table'!B$1:E$75,4,FALSE),"") -> CtrLogix | I36: D | J36: =_xlfn.TEXTJOIN("_",TRUE,B36:C36) -> LAR_CAR | K36: =J36&"_"&E36&IF(ISNUMBER(SEARCH("PAS",G36)),"","_")&(_xlfn.TEXTJOIN("_",TRUE,IF(G36 <> "PAS",G36:H36,""))&(IF(Table1[[#This Row],[Sub-Area]]<>"",_xlfn.CONCAT("_",Table1[[#This Row],[Sub-Area]]),""))) -> LAR_CAR_PLC_AB_CtrLogix_ANLZ_80PLC_9314 | L36: =IF(I36 <> "",I36&":\PAS\CBR\ProcessedFiles\"&Table1[[#This Row],[Units]]&"\"&Table1[[#This Row],[Asset Type]]&"\"&K36,"") -> D:\PAS\CBR\ProcessedFiles\CAR\PLC\LAR_CAR_PLC_AB_CtrLogix_ANLZ_80PLC_9314 | M36: ="MKDIR "&Table1[[#This Row],[Suggested Folder Naming]] -> MKDIR D:\PAS\CBR\ProcessedFiles\CAR\PLC\LAR_CAR_PLC_AB_CtrLogix_ANLZ_80PLC_9314
B37: LAR | C37: CAR | D37: ANLZ_80PLC_9321 | E37: PLC | F37: AB ControlLogix | G37: =_xlfn.IFNA(VLOOKUP(F37,'[1]Look Table'!B$1:E$75,3,FALSE),"") -> AB | H37: =_xlfn.IFNA(VLOOKUP(F37,'[1]Look Table'!B$1:E$75,4,FALSE),"") -> CtrLogix | I37: D | J37: =_xlfn.TEXTJOIN("_",TRUE,B37:C37) -> LAR_CAR | K37: =J37&"_"&E37&IF(ISNUMBER(SEARCH("PAS",G37)),"","_")&(_xlfn.TEXTJOIN("_",TRUE,IF(G37 <> "PAS",G37:H37,""))&(IF(Table1[[#This Row],[Sub-Area]]<>"",_xlfn.CONCAT("_",Table1[[#This Row],[Sub-Area]]),""))) -> LAR_CAR_PLC_AB_CtrLogix_ANLZ_80PLC_9321 | L37: =IF(I37 <> "",I37&":\PAS\CBR\ProcessedFiles\"&Table1[[#This Row],[Units]]&"\"&Table1[[#This Row],[Asset Type]]&"\"&K37,"") -> D:\PAS\CBR\ProcessedFiles\CAR\PLC\LAR_CAR_PLC_AB_CtrLogix_ANLZ_80PLC_9321 | M37: ="MKDIR "&Table1[[#This Row],[Suggested Folder Naming]] -> MKDIR D:\PAS\CBR\ProcessedFiles\CAR\PLC\LAR_CAR_PLC_AB_CtrLogix_ANLZ_80PLC_9321
B38: LAR | C38: CAR | D38: ANLZ_84PLC_9319 | E38: PLC | F38: AB ControlLogix | G38: =_xlfn.IFNA(VLOOKUP(F38,'[1]Look Table'!B$1:E$75,3,FALSE),"") -> AB | H38: =_xlfn.IFNA(VLOOKUP(F38,'[1]Look Table'!B$1:E$75,4,FALSE),"") -> CtrLogix | I38: D | J38: =_xlfn.TEXTJOIN("_",TRUE,B38:C38) -> LAR_CAR | K38: =J38&"_"&E38&IF(ISNUMBER(SEARCH("PAS",G38)),"","_")&(_xlfn.TEXTJOIN("_",TRUE,IF(G38 <> "PAS",G38:H38,""))&(IF(Table1[[#This Row],[Sub-Area]]<>"",_xlfn.CONCAT("_",Table1[[#This Row],[Sub-Area]]),""))) -> LAR_CAR_PLC_AB_CtrLogix_ANLZ_84PLC_9319 | L38: =IF(I38 <> "",I38&":\PAS\CBR\ProcessedFiles\"&Table1[[#This Row],[Units]]&"\"&Table1[[#This Row],[Asset Type]]&"\"&K38,"") -> D:\PAS\CBR\ProcessedFiles\CAR\PLC\LAR_CAR_PLC_AB_CtrLogix_ANLZ_84PLC_9319 | M38: ="MKDIR "&Table1[[#This Row],[Suggested Folder Naming]] -> MKDIR D:\PAS\CBR\ProcessedFiles\CAR\PLC\LAR_CAR_PLC_AB_CtrLogix_ANLZ_84PLC_9319
B39: LAR | C39: WCC | D39: ANLZ_03PLC_9336 | E39: PLC | F39: AB ControlLogix | G39: =_xlfn.IFNA(VLOOKUP(F39,'[1]Look Table'!B$1:E$75,3,FALSE),"") -> AB | H39: =_xlfn.IFNA(VLOOKUP(F39,'[1]Look Table'!B$1:E$75,4,FALSE),"") -> CtrLogix | I39: D | J39: =_xlfn.TEXTJOIN("_",TRUE,B39:C39) -> LAR_WCC | K39: =J39&"_"&E39&IF(ISNUMBER(SEARCH("PAS",G39)),"","_")&(_xlfn.TEXTJOIN("_",TRUE,IF(G39 <> "PAS",G39:H39,""))&(IF(Table1[[#This Row],[Sub-Area]]<>"",_xlfn.CONCAT("_",Table1[[#This Row],[Sub-Area]]),""))) -> LAR_WCC_PLC_AB_CtrLogix_ANLZ_03PLC_9336 | L39: =IF(I39 <> "",I39&":\PAS\CBR\ProcessedFiles\"&Table1[[#This Row],[Units]]&"\"&Table1[[#This Row],[Asset Type]]&"\"&K39,"") -> D:\PAS\CBR\ProcessedFiles\WCC\PLC\LAR_WCC_PLC_AB_CtrLogix_ANLZ_03PLC_9336 | M39: ="MKDIR "&Table1[[#This Row],[Suggested Folder Naming]] -> MKDIR D:\PAS\CBR\ProcessedFiles\WCC\PLC\LAR_WCC_PLC_AB_CtrLogix_ANLZ_03PLC_9336
... B61: LAR | C61: WCC | D61: ANLZ_Cogen_Fuel_Gas_GC_PLC | E61: PLC | F61: AB ControlLogix | G61: =_xlfn.IFNA(VLOOKUP(F61,'[1]Look Table'!B$1:E$75,3,FALSE),"") -> AB | H61: =_xlfn.IFNA(VLOOKUP(F61,'[1]Look Table'!B$1:E$75,4,FALSE),"") -> CtrLogix | I61: D | J61: =_xlfn.TEXTJOIN("_",TRUE,B61:C61) -> LAR_WCC | K61: =J61&"_"&E61&IF(ISNUMBER(SEARCH("PAS",G61)),"","_")&(_xlfn.TEXTJOIN("_",TRUE,IF(G61 <> "PAS",G61:H61,""))&(IF(Table1[[#This Row],[Sub-Area]]<>"",_xlfn.CONCAT("_",Table1[[#This Row],[Sub-Area]]),""))) -> LAR_WCC_PLC_AB_CtrLogix_ANLZ_Cogen_Fuel_Gas_GC_PLC | L61: =IF(I61 <> "",I61&":\PAS\CBR\ProcessedFiles\"&Table1[[#This Row],[Units]]&"\"&Table1[[#This Row],[Asset Type]]&"\"&K61,"") -> D:\PAS\CBR\ProcessedFiles\WCC\PLC\LAR_WCC_PLC_AB_CtrLogix_ANLZ_Cogen_Fuel_Gas_GC_PLC | M61: ="MKDIR "&Table1[[#This Row],[Suggested Folder Naming]] -> MKDIR D:\PAS\CBR\ProcessedFiles\WCC\PLC\LAR_WCC_PLC_AB_CtrLogix_ANLZ_Cogen_Fuel_Gas_GC_PLC
B62: LAR | C62: WCC | D62: GIS_Data_Concentrator | E62: PLC | F62: AB ControlLogix | G62: AB | H62: =_xlfn.IFNA(VLOOKUP(F62,'[1]Look Table'!B$1:E$75,4,FALSE),"") -> CtrLogix | I62: D | J62: =_xlfn.TEXTJOIN("_",TRUE,B62:C62) -> LAR_WCC | K62: =J62&"_"&E62&IF(ISNUMBER(SEARCH("PAS",G62)),"","_")&(_xlfn.TEXTJOIN("_",TRUE,IF(G62 <> "PAS",G62:H62,""))&(IF(Table1[[#This Row],[Sub-Area]]<>"",_xlfn.CONCAT("_",Table1[[#This Row],[Sub-Area]]),""))) -> LAR_WCC_PLC_AB_CtrLogix_GIS_Data_Concentrator | L62: =IF(I62 <> "",I62&":\PAS\CBR\ProcessedFiles\"&Table1[[#This Row],[Units]]&"\"&Table1[[#This Row],[Asset Type]]&"\"&K62,"") -> D:\PAS\CBR\ProcessedFiles\WCC\PLC\LAR_WCC_PLC_AB_CtrLogix_GIS_Data_Concentrator | M62: ="MKDIR "&Table1[[#This Row],[Suggested Folder Naming]] -> MKDIR D:\PAS\CBR\ProcessedFiles\WCC\PLC\LAR_WCC_PLC_AB_CtrLogix_GIS_Data_Concentrator
B63: LAR | C63: WCC | D63: GIS_PLC_Bay1 | E63: PLC | F63: AB ControlLogix | G63: AB | H63: =_xlfn.IFNA(VLOOKUP(F63,'[1]Look Table'!B$1:E$75,4,FALSE),"") -> CtrLogix | I63: D | J63: =_xlfn.TEXTJOIN("_",TRUE,B63:C63) -> LAR_WCC | K63: =J63&"_"&E63&IF(ISNUMBER(SEARCH("PAS",G63)),"","_")&(_xlfn.TEXTJOIN("_",TRUE,IF(G63 <> "PAS",G63:H63,""))&(IF(Table1[[#This Row],[Sub-Area]]<>"",_xlfn.CONCAT("_",Table1[[#This Row],[Sub-Area]]),""))) -> LAR_WCC_PLC_AB_CtrLogix_GIS_PLC_Bay1 | L63: =IF(I63 <> "",I63&":\PAS\CBR\ProcessedFiles\"&Table1[[#This Row],[Units]]&"\"&Table1[[#This Row],[Asset Type]]&"\"&K63,"") -> D:\PAS\CBR\ProcessedFiles\WCC\PLC\LAR_WCC_PLC_AB_CtrLogix_GIS_PLC_Bay1 | M63: ="MKDIR "&Table1[[#This Row],[Suggested Folder Naming]] -> MKDIR D:\PAS\CBR\ProcessedFiles\WCC\PLC\LAR_WCC_PLC_AB_CtrLogix_GIS_PLC_Bay1
B64: LAR | C64: WCC | D64: RGC1 | E64: PLC | F64: AB ControlLogix | G64: AB | H64: =_xlfn.IFNA(VLOOKUP(F64,'[1]Look Table'!B$1:E$75,4,FALSE),"") -> CtrLogix | I64: D | J64: =_xlfn.TEXTJOIN("_",TRUE,B64:C64) -> LAR_WCC | K64: =J64&"_"&E64&IF(ISNUMBER(SEARCH("PAS",G64)),"","_")&(_xlfn.TEXTJOIN("_",TRUE,IF(G64 <> "PAS",G64:H64,""))&(IF(Table1[[#This Row],[Sub-Area]]<>"",_xlfn.CONCAT("_",Table1[[#This Row],[Sub-Area]]),""))) -> LAR_WCC_PLC_AB_CtrLogix_RGC1 | L64: =IF(I64 <> "",I64&":\PAS\CBR\ProcessedFiles\"&Table1[[#This Row],[Units]]&"\"&Table1[[#This Row],[Asset Type]]&"\"&K64,"") -> D:\PAS\CBR\ProcessedFiles\WCC\PLC\LAR_WCC_PLC_AB_CtrLogix_RGC1 | M64: ="MKDIR "&Table1[[#This Row],[Suggested Folder Naming]] -> MKDIR D:\PAS\CBR\ProcessedFiles\WCC\PLC\LAR_WCC_PLC_AB_CtrLogix_RGC1
B65: LAR | C65: WCC | D65: RGC2 | E65: PLC | F65: AB ControlLogix | G65: AB | H65: =_xlfn.IFNA(VLOOKUP(F65,'[1]Look Table'!B$1:E$75,4,FALSE),"") -> CtrLogix | I65: D | J65: =_xlfn.TEXTJOIN("_",TRUE,B65:C65) -> LAR_WCC | K65: =J65&"_"&E65&IF(ISNUMBER(SEARCH("PAS",G65)),"","_")&(_xlfn.TEXTJOIN("_",TRUE,IF(G65 <> "PAS",G65:H65,""))&(IF(Table1[[#This Row],[Sub-Area]]<>"",_xlfn.CONCAT("_",Table1[[#This Row],[Sub-Area]]),""))) -> LAR_WCC_PLC_AB_CtrLogix_RGC2 | L65: =IF(I65 <> "",I65&":\PAS\CBR\ProcessedFiles\"&Table1[[#This Row],[Units]]&"\"&Table1[[#This Row],[Asset Type]]&"\"&K65,"") -> D:\PAS\CBR\ProcessedFiles\WCC\PLC\LAR_WCC_PLC_AB_CtrLogix_RGC2 | M65: ="MKDIR "&Table1[[#This Row],[Suggested Folder Naming]] -> MKDIR D:\PAS\CBR\ProcessedFiles\WCC\PLC\LAR_WCC_PLC_AB_CtrLogix_RGC2
B66: LAR | C66: WCC | D66: Water_Softner | E66: PLC | F66: AB ControlLogix | G66: AB | H66: =_xlfn.IFNA(VLOOKUP(F66,'[1]Look Table'!B$1:E$75,4,FALSE),"") -> CtrLogix | I66: D | J66: =_xlfn.TEXTJOIN("_",TRUE,B66:C66) -> LAR_WCC | K66: =J66&"_"&E66&IF(ISNUMBER(SEARCH("PAS",G66)),"","_")&(_xlfn.TEXTJOIN("_",TRUE,IF(G66 <> "PAS",G66:H66,""))&(IF(Table1[[#This Row],[Sub-Area]]<>"",_xlfn.CONCAT("_",Table1[[#This Row],[Sub-Area]]),""))) -> LAR_WCC_PLC_AB_CtrLogix_Water_Softner | L66: =IF(I66 <> "",I66&":\PAS\CBR\ProcessedFiles\"&Table1[[#This Row],[Units]]&"\"&Table1[[#This Row],[Asset Type]]&"\"&K66,"") -> D:\PAS\CBR\ProcessedFiles\WCC\PLC\LAR_WCC_PLC_AB_CtrLogix_Water_Softner | M66: ="MKDIR "&Table1[[#This Row],[Suggested Folder Naming]] -> MKDIR D:\PAS\CBR\ProcessedFiles\WCC\PLC\LAR_WCC_PLC_AB_CtrLogix_Water_Softner
B67: LAR | C67: WIL | D67: 77PLC151 | E67: PLC | F67: AB ControlLogix | G67: =_xlfn.IFNA(VLOOKUP(F67,'Look Table'!B$1:E$64,3,FALSE),"") -> AB | H67: =_xlfn.IFNA(VLOOKUP(F67,'Look Table'!B$1:E$64,4,FALSE),"") -> CtrLogix | I67: D | J67: =_xlfn.TEXTJOIN("_",TRUE,B67:C67) -> LAR_WIL | K67: =J67&"_"&E67&IF(ISNUMBER(SEARCH("PAS",G67)),"","_")&(_xlfn.TEXTJOIN("_",TRUE,IF(G67 <> "PAS",G67:H67,""))&(IF(Table1[[#This Row],[Sub-Area]]<>"",_xlfn.CONCAT("_",Table1[[#This Row],[Sub-Area]]),""))) -> LAR_WIL_PLC_AB_CtrLogix_77PLC151 | L67: =IF(I67 <> "",I67&":\PAS\CBR\ProcessedFiles\"&Table1[[#This Row],[Units]]&"\"&Table1[[#This Row],[Asset Type]]&"\"&K67,"") -> D:\PAS\CBR\ProcessedFiles\WIL\PLC\LAR_WIL_PLC_AB_CtrLogix_77PLC151 | M67: ="MKDIR "&Table1[[#This Row],[Suggested Folder Naming]] -> MKDIR D:\PAS\CBR\ProcessedFiles\WIL\PLC\LAR_WIL_PLC_AB_CtrLogix_77PLC151
B68: LAR | C68: WIL | D68: 77PLC152 | E68: PLC | F68: AB ControlLogix | G68: =_xlfn.IFNA(VLOOKUP(F68,'Look Table'!B$1:E$64,3,FALSE),"") -> AB | H68: =_xlfn.IFNA(VLOOKUP(F68,'Look Table'!B$1:E$64,4,FALSE),"") -> CtrLogix | I68: D | J68: =_xlfn.TEXTJOIN("_",TRUE,B68:C68) -> LAR_WIL | K68: =J68&"_"&E68&IF(ISNUMBER(SEARCH("PAS",G68)),"","_")&(_xlfn.TEXTJOIN("_",TRUE,IF(G68 <> "PAS",G68:H68,""))&(IF(Table1[[#This Row],[Sub-Area]]<>"",_xlfn.CONCAT("_",Table1[[#This Row],[Sub-Area]]),""))) -> LAR_WIL_PLC_AB_CtrLogix_77PLC152 | L68: =IF(I68 <> "",I68&":\PAS\CBR\ProcessedFiles\"&Table1[[#This Row],[Units]]&"\"&Table1[[#This Row],[Asset Type]]&"\"&K68,"") -> D:\PAS\CBR\ProcessedFiles\WIL\PLC\LAR_WIL_PLC_AB_CtrLogix_77PLC152 | M68: ="MKDIR "&Table1[[#This Row],[Suggested Folder Naming]] -> MKDIR D:\PAS\CBR\ProcessedFiles\WIL\PLC\LAR_WIL_PLC_AB_CtrLogix_77PLC152
B69: LAR | C69: WIL | D69: 79PLC102 | E69: PLC | F69: AB ControlLogix | G69: =_xlfn.IFNA(VLOOKUP(F69,'Look Table'!B$1:E$64,3,FALSE),"") -> AB | H69: =_xlfn.IFNA(VLOOKUP(F69,'Look Table'!B$1:E$64,4,FALSE),"") -> CtrLogix | I69: D | J69: =_xlfn.TEXTJOIN("_",TRUE,B69:C69) -> LAR_WIL | K69: =J69&"_"&E69&IF(ISNUMBER(SEARCH("PAS",G69)),"","_")&(_xlfn.TEXTJOIN("_",TRUE,IF(G69 <> "PAS",G69:H69,""))&(IF(Table1[[#This Row],[Sub-Area]]<>"",_xlfn.CONCAT("_",Table1[[#This Row],[Sub-Area]]),""))) -> LAR_WIL_PLC_AB_CtrLogix_79PLC102 | L69: =IF(I69 <> "",I69&":\PAS\CBR\ProcessedFiles\"&Table1[[#This Row],[Units]]&"\"&Table1[[#This Row],[Asset Type]]&"\"&K69,"") -> D:\PAS\CBR\ProcessedFiles\WIL\PLC\LAR_WIL_PLC_AB_CtrLogix_79PLC102 | M69: ="MKDIR "&Table1[[#This Row],[Suggested Folder Naming]] -> MKDIR D:\PAS\CBR\ProcessedFiles\WIL\PLC\LAR_WIL_PLC_AB_CtrLogix_79PLC102
B70: LAR | C70: WIL | D70: 79PLC104 | E70: PLC | F70: AB ControlLogix | G70: =_xlfn.IFNA(VLOOKUP(F70,'Look Table'!B$1:E$64,3,FALSE),"") -> AB | H70: =_xlfn.IFNA(VLOOKUP(F70,'Look Table'!B$1:E$64,4,FALSE),"") -> CtrLogix | I70: D | J70: =_xlfn.TEXTJOIN("_",TRUE,B70:C70) -> LAR_WIL | K70: =J70&"_"&E70&IF(ISNUMBER(SEARCH("PAS",G70)),"","_")&(_xlfn.TEXTJOIN("_",TRUE,IF(G70 <> "PAS",G70:H70,""))&(IF(Table1[[#This Row],[Sub-Area]]<>"",_xlfn.CONCAT("_",Table1[[#This Row],[Sub-Area]]),""))) -> LAR_WIL_PLC_AB_CtrLogix_79PLC104 | L70: =IF(I70 <> "",I70&":\PAS\CBR\ProcessedFiles\"&Table1[[#This Row],[Units]]&"\"&Table1[[#This Row],[Asset Type]]&"\"&K70,"") -> D:\PAS\CBR\ProcessedFiles\WIL\PLC\LAR_WIL_PLC_AB_CtrLogix_79PLC104 | M70: ="MKDIR "&Table1[[#This Row],[Suggested Folder Naming]] -> MKDIR D:\PAS\CBR\ProcessedFiles\WIL\PLC\LAR_WIL_PLC_AB_CtrLogix_79PLC104
B71: LAR | C71: WIL | D71: ANLZ_05PLC_9355 | E71: PLC | F71: AB ControlLogix | G71: =_xlfn.IFNA(VLOOKUP(F71,'[1]Look Table'!B$1:E$75,3,FALSE),"") -> AB | H71: =_xlfn.IFNA(VLOOKUP(F71,'[1]Look Table'!B$1:E$75,4,FALSE),"") -> CtrLogix | I71: D | J71: =_xlfn.TEXTJOIN("_",TRUE,B71:C71) -> LAR_WIL | K71: =J71&"_"&E71&IF(ISNUMBER(SEARCH("PAS",G71)),"","_")&(_xlfn.TEXTJOIN("_",TRUE,IF(G71 <> "PAS",G71:H71,""))&(IF(Table1[[#This Row],[Sub-Area]]<>"",_xlfn.CONCAT("_",Table1[[#This Row],[Sub-Area]]),""))) -> LAR_WIL_PLC_AB_CtrLogix_ANLZ_05PLC_9355 | L71: =IF(I71 <> "",I71&":\PAS\CBR\ProcessedFiles\"&Table1[[#This Row],[Units]]&"\"&Table1[[#This Row],[Asset Type]]&"\"&K71,"") -> D:\PAS\CBR\ProcessedFiles\WIL\PLC\LAR_WIL_PLC_AB_CtrLogix_ANLZ_05PLC_9355 | M71: ="MKDIR "&Table1[[#This Row],[Suggested Folder Naming]] -> MKDIR D:\PAS\CBR\ProcessedFiles\WIL\PLC\LAR_WIL_PLC_AB_CtrLogix_ANLZ_05PLC_9355
B72: LAR | C72: WIL | D72: ANLZ_21PLC_9332 | E72: PLC | F72: AB ControlLogix | G72: =_xlfn.IFNA(VLOOKUP(F72,'[1]Look Table'!B$1:E$75,3,FALSE),"") -> AB | H72: =_xlfn.IFNA(VLOOKUP(F72,'[1]Look Table'!B$1:E$75,4,FALSE),"") -> CtrLogix | I72: D | J72: =_xlfn.TEXTJOIN("_",TRUE,B72:C72) -> LAR_WIL | K72: =J72&"_"&E72&IF(ISNUMBER(SEARCH("PAS",G72)),"","_")&(_xlfn.TEXTJOIN("_",TRUE,IF(G72 <> "PAS",G72:H72,""))&(IF(Table1[[#This Row],[Sub-Area]]<>"",_xlfn.CONCAT("_",Table1[[#This Row],[Sub-Area]]),""))) -> LAR_WIL_PLC_AB_CtrLogix_ANLZ_21PLC_9332 | L72: =IF(I72 <> "",I72&":\PAS\CBR\ProcessedFiles\"&Table1[[#This Row],[Units]]&"\"&Table1[[#This Row],[Asset Type]]&"\"&K72,"") -> D:\PAS\CBR\ProcessedFiles\WIL\PLC\LAR_WIL_PLC_AB_CtrLogix_ANLZ_21PLC_9332 | M72: ="MKDIR "&Table1[[#This Row],[Suggested Folder Naming]] -> MKDIR D:\PAS\CBR\ProcessedFiles\WIL\PLC\LAR_WIL_PLC_AB_CtrLogix_ANLZ_21PLC_9332
B73: LAR | C73: WIL | D73: ANLZ_21PLC_9333 | E73: PLC | F73: AB ControlLogix | G73: =_xlfn.IFNA(VLOOKUP(F73,'[1]Look Table'!B$1:E$75,3,FALSE),"") -> AB | H73: =_xlfn.IFNA(VLOOKUP(F73,'[1]Look Table'!B$1:E$75,4,FALSE),"") -> CtrLogix | I73: D | J73: =_xlfn.TEXTJOIN("_",TRUE,B73:C73) -> LAR_WIL | K73: =J73&"_"&E73&IF(ISNUMBER(SEARCH("PAS",G73)),"","_")&(_xlfn.TEXTJOIN("_",TRUE,IF(G73 <> "PAS",G73:H73,""))&(IF(Table1[[#This Row],[Sub-Area]]<>"",_xlfn.CONCAT("_",Table1[[#This Row],[Sub-Area]]),""))) -> LAR_WIL_PLC_AB_CtrLogix_ANLZ_21PLC_9333 | L73: =IF(I73 <> "",I73&":\PAS\CBR\ProcessedFiles\"&Table1[[#This Row],[Units]]&"\"&Table1[[#This Row],[Asset Type]]&"\"&K73,"") -> D:\PAS\CBR\ProcessedFiles\WIL\PLC\LAR_WIL_PLC_AB_CtrLogix_ANLZ_21PLC_9333 | M73: ="MKDIR "&Table1[[#This Row],[Suggested Folder Naming]] -> MKDIR D:\PAS\CBR\ProcessedFiles\WIL\PLC\LAR_WIL_PLC_AB_CtrLogix_ANLZ_21PLC_9333
B74: LAR | C74: WIL | D74: ANLZ_21PLC_9334 | E74: PLC | F74: AB ControlLogix | G74: =_xlfn.IFNA(VLOOKUP(F74,'[1]Look Table'!B$1:E$75,3,FALSE),"") -> AB | H74: =_xlfn.IFNA(VLOOKUP(F74,'[1]Look Table'!B$1:E$75,4,FALSE),"") -> CtrLogix | I74: D | J74: =_xlfn.TEXTJOIN("_",TRUE,B74:C74) -> LAR_WIL | K74: =J74&"_"&E74&IF(ISNUMBER(SEARCH("PAS",G74)),"","_")&(_xlfn.TEXTJOIN("_",TRUE,IF(G74 <> "PAS",G74:H74,""))&(IF(Table1[[#This Row],[Sub-Area]]<>"",_xlfn.CONCAT("_",Table1[[#This Row],[Sub-Area]]),""))) -> LAR_WIL_PLC_AB_CtrLogix_ANLZ_21PLC_9334 | L74: =IF(I74 <> "",I74&":\PAS\CBR\ProcessedFiles\"&Table1[[#This Row],[Units]]&"\"&Table1[[#This Row],[Asset Type]]&"\"&K74,"") -> D:\PAS\CBR\ProcessedFiles\WIL\PLC\LAR_WIL_PLC_AB_CtrLogix_ANLZ_21PLC_9334 | M74: ="MKDIR "&Table1[[#This Row],[Suggested Folder Naming]] -> MKDIR D:\PAS\CBR\ProcessedFiles\WIL\PLC\LAR_WIL_PLC_AB_CtrLogix_ANLZ_21PLC_9334
B75: LAR | C75: WIL | D75: ANLZ_22PLC_0036 | E75: PLC | F75: AB ControlLogix | G75: =_xlfn.IFNA(VLOOKUP(F75,'[1]Look Table'!B$1:E$75,3,FALSE),"") -> AB | H75: =_xlfn.IFNA(VLOOKUP(F75,'[1]Look Table'!B$1:E$75,4,FALSE),"") -> CtrLogix | I75: D | J75: =_xlfn.TEXTJOIN("_",TRUE,B75:C75) -> LAR_WIL | K75: =J75&"_"&E75&IF(ISNUMBER(SEARCH("PAS",G75)),"","_")&(_xlfn.TEXTJOIN("_",TRUE,IF(G75 <> "PAS",G75:H75,""))&(IF(Table1[[#This Row],[Sub-Area]]<>"",_xlfn.CONCAT("_",Table1[[#This Row],[Sub-Area]]),""))) -> LAR_WIL_PLC_AB_CtrLogix_ANLZ_22PLC_0036 | L75: =IF(I75 <> "",I75&":\PAS\CBR\ProcessedFiles\"&Table1[[#This Row],[Units]]&"\"&Table1[[#This Row],[Asset Type]]&"\"&K75,"") -> D:\PAS\CBR\ProcessedFiles\WIL\PLC\LAR_WIL_PLC_AB_CtrLogix_ANLZ_22PLC_0036 | M75: ="MKDIR "&Table1[[#This Row],[Suggested Folder Naming]] -> MKDIR D:\PAS\CBR\ProcessedFiles\WIL\PLC\LAR_WIL_PLC_AB_CtrLogix_ANLZ_22PLC_0036
B76: LAR | C76: WIL | D76: ANLZ_22PLC_0037 | E76: PLC | F76: AB ControlLogix | G76: =_xlfn.IFNA(VLOOKUP(F76,'[1]Look Table'!B$1:E$75,3,FALSE),"") -> AB | H76: =_xlfn.IFNA(VLOOKUP(F76,'[1]Look Table'!B$1:E$75,4,FALSE),"") -> CtrLogix | I76: D | J76: =_xlfn.TEXTJOIN("_",TRUE,B76:C76) -> LAR_WIL | K76: =J76&"_"&E76&IF(ISNUMBER(SEARCH("PAS",G76)),"","_")&(_xlfn.TEXTJOIN("_",TRUE,IF(G76 <> "PAS",G76:H76,""))&(IF(Table1[[#This Row],[Sub-Area]]<>"",_xlfn.CONCAT("_",Table1[[#This Row],[Sub-Area]]),""))) -> LAR_WIL_PLC_AB_CtrLogix_ANLZ_22PLC_0037 | L76: =IF(I76 <> "",I76&":\PAS\CBR\ProcessedFiles\"&Table1[[#This Row],[Units]]&"\"&Table1[[#This Row],[Asset Type]]&"\"&K76,"") -> D:\PAS\CBR\ProcessedFiles\WIL\PLC\LAR_WIL_PLC_AB_CtrLogix_ANLZ_22PLC_0037 | M76: ="MKDIR "&Table1[[#This Row],[Suggested Folder Naming]] -> MKDIR D:\PAS\CBR\ProcessedFiles\WIL\PLC\LAR_WIL_PLC_AB_CtrLogix_ANLZ_22PLC_0037
B77: LAR | C77: WIL | D77: ANLZ_31PLC_9533 | E77: PLC | F77: AB ControlLogix | G77: =_xlfn.IFNA(VLOOKUP(F77,'[1]Look Table'!B$1:E$75,3,FALSE),"") -> AB | H77: =_xlfn.IFNA(VLOOKUP(F77,'[1]Look Table'!B$1:E$75,4,FALSE),"") -> CtrLogix | I77: D | J77: =_xlfn.TEXTJOIN("_",TRUE,B77:C77) -> LAR_WIL | K77: =J77&"_"&E77&IF(ISNUMBER(SEARCH("PAS",G77)),"","_")&(_xlfn.TEXTJOIN("_",TRUE,IF(G77 <> "PAS",G77:H77,""))&(IF(Table1[[#This Row],[Sub-Area]]<>"",_xlfn.CONCAT("_",Table1[[#This Row],[Sub-Area]]),""))) -> LAR_WIL_PLC_AB_CtrLogix_ANLZ_31PLC_9533 | L77: =IF(I77 <> "",I77&":\PAS\CBR\ProcessedFiles\"&Table1[[#This Row],[Units]]&"\"&Table1[[#This Row],[Asset Type]]&"\"&K77,"") -> D:\PAS\CBR\ProcessedFiles\WIL\PLC\LAR_WIL_PLC_AB_CtrLogix_ANLZ_31PLC_9533 | M77: ="MKDIR "&Table1[[#This Row],[Suggested Folder Naming]] -> MKDIR D:\PAS\CBR\ProcessedFiles\WIL\PLC\LAR_WIL_PLC_AB_CtrLogix_ANLZ_31PLC_9533
B78: LAR | C78: WIL | D78: ANLZ_84PLC_9356 | E78: PLC | F78: AB ControlLogix | G78: =_xlfn.IFNA(VLOOKUP(F78,'[1]Look Table'!B$1:E$75,3,FALSE),"") -> AB | H78: =_xlfn.IFNA(VLOOKUP(F78,'[1]Look Table'!B$1:E$75,4,FALSE),"") -> CtrLogix | I78: D | J78: =_xlfn.TEXTJOIN("_",TRUE,B78:C78) -> LAR_WIL | K78: =J78&"_"&E78&IF(ISNUMBER(SEARCH("PAS",G78)),"","_")&(_xlfn.TEXTJOIN("_",TRUE,IF(G78 <> "PAS",G78:H78,""))&(IF(Table1[[#This Row],[Sub-Area]]<>"",_xlfn.CONCAT("_",Table1[[#This Row],[Sub-Area]]),""))) -> LAR_WIL_PLC_AB_CtrLogix_ANLZ_84PLC_9356 | L78: =IF(I78 <> "",I78&":\PAS\CBR\ProcessedFiles\"&Table1[[#This Row],[Units]]&"\"&Table1[[#This Row],[Asset Type]]&"\"&K78,"") -> D:\PAS\CBR\ProcessedFiles\WIL\PLC\LAR_WIL_PLC_AB_CtrLogix_ANLZ_84PLC_9356 | M78: ="MKDIR "&Table1[[#This Row],[Suggested Folder Naming]] -> MKDIR D:\PAS\CBR\ProcessedFiles\WIL\PLC\LAR_WIL_PLC_AB_CtrLogix_ANLZ_84PLC_9356
B79: LAR | C79: WIL | D79: ANLZ_B_1601_CEMS | E79: PLC | F79: AB ControlLogix | G79: =_xlfn.IFNA(VLOOKUP(F79,'[1]Look Table'!B$1:E$75,3,FALSE),"") -> AB | H79: =_xlfn.IFNA(VLOOKUP(F79,'[1]Look Table'!B$1:E$75,4,FALSE),"") -> CtrLogix | I79: D | J79: =_xlfn.TEXTJOIN("_",TRUE,B79:C79) -> LAR_WIL | K79: =J79&"_"&E79&IF(ISNUMBER(SEARCH("PAS",G79)),"","_")&(_xlfn.TEXTJOIN("_",TRUE,IF(G79 <> "PAS",G79:H79,""))&(IF(Table1[[#This Row],[Sub-Area]]<>"",_xlfn.CONCAT("_",Table1[[#This Row],[Sub-Area]]),""))) -> LAR_WIL_PLC_AB_CtrLogix_ANLZ_B_1601_CEMS | L79: =IF(I79 <> "",I79&":\PAS\CBR\ProcessedFiles\"&Table1[[#This Row],[Units]]&"\"&Table1[[#This Row],[Asset Type]]&"\"&K79,"") -> D:\PAS\CBR\ProcessedFiles\WIL\PLC\LAR_WIL_PLC_AB_CtrLogix_ANLZ_B_1601_CEMS | M79: ="MKDIR "&Table1[[#This Row],[Suggested Folder Naming]] -> MKDIR D:\PAS\CBR\ProcessedFiles\WIL\PLC\LAR_WIL_PLC_AB_CtrLogix_ANLZ_B_1601_CEMS
B80: LAR | C80: WIL | D80: ANLZ_Blender_Analyzers | E80: PLC | F80: AB ControlLogix | G80: =_xlfn.IFNA(VLOOKUP(F80,'[1]Look Table'!B$1:E$75,3,FALSE),"") -> AB | H80: =_xlfn.IFNA(VLOOKUP(F80,'[1]Look Table'!B$1:E$75,4,FALSE),"") -> CtrLogix | I80: D | J80: =_xlfn.TEXTJOIN("_",TRUE,B80:C80) -> LAR_WIL | K80: =J80&"_"&E80&IF(ISNUMBER(SEARCH("PAS",G80)),"","_")&(_xlfn.TEXTJOIN("_",TRUE,IF(G80 <> "PAS",G80:H80,""))&(IF(Table1[[#This Row],[Sub-Area]]<>"",_xlfn.CONCAT("_",Table1[[#This Row],[Sub-Area]]),""))) -> LAR_WIL_PLC_AB_CtrLogix_ANLZ_Blender_Analyzers | L80: =IF(I80 <> "",I80&":\PAS\CBR\ProcessedFiles\"&Table1[[#This Row],[Units]]&"\"&Table1[[#This Row],[Asset Type]]&"\"&K80,"") -> D:\PAS\CBR\ProcessedFiles\WIL\PLC\LAR_WIL_PLC_AB_CtrLogix_ANLZ_Blender_Analyzers | M80: ="MKDIR "&Table1[[#This Row],[Suggested Folder Naming]] -> MKDIR D:\PAS\CBR\ProcessedFiles\WIL\PLC\LAR_WIL_PLC_AB_CtrLogix_ANLZ_Blender_Analyzers
B81: LAR | C81: WIL | D81: ANLZ_Blender_data_conc | E81: PLC | F81: AB ControlLogix | G81: =_xlfn.IFNA(VLOOKUP(F81,'[1]Look Table'!B$1:E$75,3,FALSE),"") -> AB | H81: =_xlfn.IFNA(VLOOKUP(F81,'[1]Look Table'!B$1:E$75,4,FALSE),"") -> CtrLogix | I81: D | J81: =_xlfn.TEXTJOIN("_",TRUE,B81:C81) -> LAR_WIL | K81: =J81&"_"&E81&IF(ISNUMBER(SEARCH("PAS",G81)),"","_")&(_xlfn.TEXTJOIN("_",TRUE,IF(G81 <> "PAS",G81:H81,""))&(IF(Table1[[#This Row],[Sub-Area]]<>"",_xlfn.CONCAT("_",Table1[[#This Row],[Sub-Area]]),""))) -> LAR_WIL_PLC_AB_CtrLogix_ANLZ_Blender_data_conc | L81: =IF(I81 <> "",I81&":\PAS\CBR\ProcessedFiles\"&Table1[[#This Row],[Units]]&"\"&Table1[[#This Row],[Asset Type]]&"\"&K81,"") -> D:\PAS\CBR\ProcessedFiles\WIL\PLC\LAR_WIL_PLC_AB_CtrLogix_ANLZ_Blender_data_conc | M81: ="MKDIR "&Table1[[#This Row],[Suggested Folder Naming]] -> MKDIR D:\PAS\CBR\ProcessedFiles\WIL\PLC\LAR_WIL_PLC_AB_CtrLogix_ANLZ_Blender_data_conc
B82: LAR | C82: WIL | D82: ANLZ_H_1_CEMS | E82: PLC | F82: AB ControlLogix | G82: =_xlfn.IFNA(VLOOKUP(F82,'[1]Look Table'!B$1:E$75,3,FALSE),"") -> AB | H82: =_xlfn.IFNA(VLOOKUP(F82,'[1]Look Table'!B$1:E$75,4,FALSE),"") -> CtrLogix | I82: D | J82: =_xlfn.TEXTJOIN("_",TRUE,B82:C82) -> LAR_WIL | K82: =J82&"_"&E82&IF(ISNUMBER(SEARCH("PAS",G82)),"","_")&(_xlfn.TEXTJOIN("_",TRUE,IF(G82 <> "PAS",G82:H82,""))&(IF(Table1[[#This Row],[Sub-Area]]<>"",_xlfn.CONCAT("_",Table1[[#This Row],[Sub-Area]]),""))) -> LAR_WIL_PLC_AB_CtrLogix_ANLZ_H_1_CEMS | L82: =IF(I82 <> "",I82&":\PAS\CBR\ProcessedFiles\"&Table1[[#This Row],[Units]]&"\"&Table1[[#This Row],[Asset Type]]&"\"&K82,"") -> D:\PAS\CBR\ProcessedFiles\WIL\PLC\LAR_WIL_PLC_AB_CtrLogix_ANLZ_H_1_CEMS | M82: ="MKDIR "&Table1[[#This Row],[Suggested Folder Naming]] -> MKDIR D:\PAS\CBR\ProcessedFiles\WIL\PLC\LAR_WIL_PLC_AB_CtrLogix_ANLZ_H_1_CEMS
... B97: LAR | C97: WIL | D97: ANLZ_SRP_Flare | E97: PLC | F97: AB ControlLogix | G97: =_xlfn.IFNA(VLOOKUP(F97,'[1]Look Table'!B$1:E$75,3,FALSE),"") -> AB | H97: =_xlfn.IFNA(VLOOKUP(F97,'[1]Look Table'!B$1:E$75,4,FALSE),"") -> CtrLogix | I97: D | J97: =_xlfn.TEXTJOIN("_",TRUE,B97:C97) -> LAR_WIL | K97: =J97&"_"&E97&IF(ISNUMBER(SEARCH("PAS",G97)),"","_")&(_xlfn.TEXTJOIN("_",TRUE,IF(G97 <> "PAS",G97:H97,""))&(IF(Table1[[#This Row],[Sub-Area]]<>"",_xlfn.CONCAT("_",Table1[[#This Row],[Sub-Area]]),""))) -> LAR_WIL_PLC_AB_CtrLogix_ANLZ_SRP_Flare | L97: =IF(I97 <> "",I97&":\PAS\CBR\ProcessedFiles\"&Table1[[#This Row],[Units]]&"\"&Table1[[#This Row],[Asset Type]]&"\"&K97,"") -> D:\PAS\CBR\ProcessedFiles\WIL\PLC\LAR_WIL_PLC_AB_CtrLogix_ANLZ_SRP_Flare | M97: ="MKDIR "&Table1[[#This Row],[Suggested Folder Naming]] -> MKDIR D:\PAS\CBR\ProcessedFiles\WIL\PLC\LAR_WIL_PLC_AB_CtrLogix_ANLZ_SRP_Flare
B98: LAR | C98: WIL | D98: IB_72AC_612 | E98: PLC | F98: AB ControlLogix | G98: AB | H98: CtrLogix | I98: D | J98: =_xlfn.TEXTJOIN("_",TRUE,B98:C98) -> LAR_WIL | K98: =J98&"_"&E98&IF(ISNUMBER(SEARCH("PAS",G98)),"","_")&(_xlfn.TEXTJOIN("_",TRUE,IF(G98 <> "PAS",G98:H98,""))&(IF(Table1[[#This Row],[Sub-Area]]<>"",_xlfn.CONCAT("_",Table1[[#This Row],[Sub-Area]]),""))) -> LAR_WIL_PLC_AB_CtrLogix_IB_72AC_612 | L98: =IF(I98 <> "",I98&":\PAS\CBR\ProcessedFiles\"&Table1[[#This Row],[Units]]&"\"&Table1[[#This Row],[Asset Type]]&"\"&K98,"") -> D:\PAS\CBR\ProcessedFiles\WIL\PLC\LAR_WIL_PLC_AB_CtrLogix_IB_72AC_612 | M98: ="MKDIR "&Table1[[#This Row],[Suggested Folder Naming]] -> MKDIR D:\PAS\CBR\ProcessedFiles\WIL\PLC\LAR_WIL_PLC_AB_CtrLogix_IB_72AC_612
B99: LAR | C99: WIL | D99: SRP_Analyzer | E99: PLC | F99: AB ControlLogix | G99: AB | H99: CtrLogix | I99: D | J99: =_xlfn.TEXTJOIN("_",TRUE,B99:C99) -> LAR_WIL | K99: =J99&"_"&E99&IF(ISNUMBER(SEARCH("PAS",G99)),"","_")&(_xlfn.TEXTJOIN("_",TRUE,IF(G99 <> "PAS",G99:H99,""))&(IF(Table1[[#This Row],[Sub-Area]]<>"",_xlfn.CONCAT("_",Table1[[#This Row],[Sub-Area]]),""))) -> LAR_WIL_PLC_AB_CtrLogix_SRP_Analyzer | L99: =IF(I99 <> "",I99&":\PAS\CBR\ProcessedFiles\"&Table1[[#This Row],[Units]]&"\"&Table1[[#This Row],[Asset Type]]&"\"&K99,"") -> D:\PAS\CBR\ProcessedFiles\WIL\PLC\LAR_WIL_PLC_AB_CtrLogix_SRP_Analyzer | M99: ="MKDIR "&Table1[[#This Row],[Suggested Folder Naming]] -> MKDIR D:\PAS\CBR\ProcessedFiles\WIL\PLC\LAR_WIL_PLC_AB_CtrLogix_SRP_Analyzer
B100: LAR | C100: WIL | D100: SRP_F1402 | E100: PLC | F100: AB ControlLogix | G100: AB | H100: CtrLogix | I100: D | J100: =_xlfn.TEXTJOIN("_",TRUE,B100:C100) -> LAR_WIL | K100: =J100&"_"&E100&IF(ISNUMBER(SEARCH("PAS",G100)),"","_")&(_xlfn.TEXTJOIN("_",TRUE,IF(G100 <> "PAS",G100:H100,""))&(IF(Table1[[#This Row],[Sub-Area]]<>"",_xlfn.CONCAT("_",Table1[[#This Row],[Sub-Area]]),""))) -> LAR_WIL_PLC_AB_CtrLogix_SRP_F1402 | L100: =IF(I100 <> "",I100&":\PAS\CBR\ProcessedFiles\"&Table1[[#This Row],[Units]]&"\"&Table1[[#This Row],[Asset Type]]&"\"&K100,"") -> D:\PAS\CBR\ProcessedFiles\WIL\PLC\LAR_WIL_PLC_AB_CtrLogix_SRP_F1402 | M100: ="MKDIR "&Table1[[#This Row],[Suggested Folder Naming]] -> MKDIR D:\PAS\CBR\ProcessedFiles\WIL\PLC\LAR_WIL_PLC_AB_CtrLogix_SRP_F1402
B101: LAR | C101: WIL | D101: SRP_F705 | E101: PLC | F101: AB ControlLogix | G101: AB | H101: CtrLogix | I101: D | J101: =_xlfn.TEXTJOIN("_",TRUE,B101:C101) -> LAR_WIL | K101: =J101&"_"&E101&IF(ISNUMBER(SEARCH("PAS",G101)),"","_")&(_xlfn.TEXTJOIN("_",TRUE,IF(G101 <> "PAS",G101:H101,""))&(IF(Table1[[#This Row],[Sub-Area]]<>"",_xlfn.CONCAT("_",Table1[[#This Row],[Sub-Area]]),""))) -> LAR_WIL_PLC_AB_CtrLogix_SRP_F705 | L101: =IF(I101 <> "",I101&":\PAS\CBR\ProcessedFiles\"&Table1[[#This Row],[Units]]&"\"&Table1[[#This Row],[Asset Type]]&"\"&K101,"") -> D:\PAS\CBR\ProcessedFiles\WIL\PLC\LAR_WIL_PLC_AB_CtrLogix_SRP_F705 | M101: ="MKDIR "&Table1[[#This Row],[Suggested Folder Naming]] -> MKDIR D:\PAS\CBR\ProcessedFiles\WIL\PLC\LAR_WIL_PLC_AB_CtrLogix_SRP_F705
B102: LAR | C102: WIL | D102: SRP_Flare | E102: PLC | F102: AB ControlLogix | G102: AB | H102: CtrLogix | I102: D | J102: =_xlfn.TEXTJOIN("_",TRUE,B102:C102) -> LAR_WIL | K102: =J102&"_"&E102&IF(ISNUMBER(SEARCH("PAS",G102)),"","_")&(_xlfn.TEXTJOIN("_",TRUE,IF(G102 <> "PAS",G102:H102,""))&(IF(Table1[[#This Row],[Sub-Area]]<>"",_xlfn.CONCAT("_",Table1[[#This Row],[Sub-Area]]),""))) -> LAR_WIL_PLC_AB_CtrLogix_SRP_Flare | L102: =IF(I102 <> "",I102&":\PAS\CBR\ProcessedFiles\"&Table1[[#This Row],[Units]]&"\"&Table1[[#This Row],[Asset Type]]&"\"&K102,"") -> D:\PAS\CBR\ProcessedFiles\WIL\PLC\LAR_WIL_PLC_AB_CtrLogix_SRP_Flare | M102: ="MKDIR "&Table1[[#This Row],[Suggested Folder Naming]] -> MKDIR D:\PAS\CBR\ProcessedFiles\WIL\PLC\LAR_WIL_PLC_AB_CtrLogix_SRP_Flare
B103: LAR | C103: WIL | D103: 72_PLC_102 | E103: PLC | F103: AB ControlLogix | G103: AB | H103: =_xlfn.IFNA(VLOOKUP(F103,'[1]Look Table'!B$1:E$75,4,FALSE),"") -> CtrLogix | I103: D | J103: =_xlfn.TEXTJOIN("_",TRUE,B103:C103) -> LAR_WIL | K103: =J103&"_"&E103&IF(ISNUMBER(SEARCH("PAS",G103)),"","_")&(_xlfn.TEXTJOIN("_",TRUE,IF(G103 <> "PAS",G103:H103,""))&(IF(Table1[[#This Row],[Sub-Area]]<>"",_xlfn.CONCAT("_",Table1[[#This Row],[Sub-Area]]),""))) -> LAR_WIL_PLC_AB_CtrLogix_72_PLC_102 | L103: =IF(I103 <> "",I103&":\PAS\CBR\ProcessedFiles\"&Table1[[#This Row],[Units]]&"\"&Table1[[#This Row],[Asset Type]]&"\"&K103,"") -> D:\PAS\CBR\ProcessedFiles\WIL\PLC\LAR_WIL_PLC_AB_CtrLogix_72_PLC_102 | M103: ="MKDIR "&Table1[[#This Row],[Suggested Folder Naming]] -> MKDIR D:\PAS\CBR\ProcessedFiles\WIL\PLC\LAR_WIL_PLC_AB_CtrLogix_72_PLC_102
B104: LAR | C104: WIL | D104: 72_PLC_103 | E104: PLC | F104: AB ControlLogix | G104: AB | H104: =_xlfn.IFNA(VLOOKUP(F104,'[1]Look Table'!B$1:E$75,4,FALSE),"") -> CtrLogix | I104: D | J104: =_xlfn.TEXTJOIN("_",TRUE,B104:C104) -> LAR_WIL | K104: =J104&"_"&E104&IF(ISNUMBER(SEARCH("PAS",G104)),"","_")&(_xlfn.TEXTJOIN("_",TRUE,IF(G104 <> "PAS",G104:H104,""))&(IF(Table1[[#This Row],[Sub-Area]]<>"",_xlfn.CONCAT("_",Table1[[#This Row],[Sub-Area]]),""))) -> LAR_WIL_PLC_AB_CtrLogix_72_PLC_103 | L104: =IF(I104 <> "",I104&":\PAS\CBR\ProcessedFiles\"&Table1[[#This Row],[Units]]&"\"&Table1[[#This Row],[Asset Type]]&"\"&K104,"") -> D:\PAS\CBR\ProcessedFiles\WIL\PLC\LAR_WIL_PLC_AB_CtrLogix_72_PLC_103 | M104: ="MKDIR "&Table1[[#This Row],[Suggested Folder Naming]] -> MKDIR D:\PAS\CBR\ProcessedFiles\WIL\PLC\LAR_WIL_PLC_AB_CtrLogix_72_PLC_103
B105: LAR | C105: WIL | D105: 77PLC150 | E105: PLC | F105: AB ControlLogix | G105: AB | H105: =_xlfn.IFNA(VLOOKUP(F105,'[1]Look Table'!B$1:E$75,4,FALSE),"") -> CtrLogix | I105: D | J105: =_xlfn.TEXTJOIN("_",TRUE,B105:C105) -> LAR_WIL | K105: =J105&"_"&E105&IF(ISNUMBER(SEARCH("PAS",G105)),"","_")&(_xlfn.TEXTJOIN("_",TRUE,IF(G105 <> "PAS",G105:H105,""))&(IF(Table1[[#This Row],[Sub-Area]]<>"",_xlfn.CONCAT("_",Table1[[#This Row],[Sub-Area]]),""))) -> LAR_WIL_PLC_AB_CtrLogix_77PLC150 | L105: =IF(I105 <> "",I105&":\PAS\CBR\ProcessedFiles\"&Table1[[#This Row],[Units]]&"\"&Table1[[#This Row],[Asset Type]]&"\"&K105,"") -> D:\PAS\CBR\ProcessedFiles\WIL\PLC\LAR_WIL_PLC_AB_CtrLogix_77PLC150 | M105: ="MKDIR "&Table1[[#This Row],[Suggested Folder Naming]] -> MKDIR D:\PAS\CBR\ProcessedFiles\WIL\PLC\LAR_WIL_PLC_AB_CtrLogix_77PLC150
B106: LAR | C106: CAR | D106: 11PLC_9050 | E106: PLC | F106: AB PLC5 | G106: =_xlfn.IFNA(VLOOKUP(F106,'Look Table'!B$1:E$64,3,FALSE),"") -> AB | H106: =_xlfn.IFNA(VLOOKUP(F106,'Look Table'!B$1:E$64,4,FALSE),"") -> PLC5 | I106: D | J106: =_xlfn.TEXTJOIN("_",TRUE,B106:C106) -> LAR_CAR | K106: =J106&"_"&E106&IF(ISNUMBER(SEARCH("PAS",G106)),"","_")&(_xlfn.TEXTJOIN("_",TRUE,IF(G106 <> "PAS",G106:H106,""))&(IF(Table1[[#This Row],[Sub-Area]]<>"",_xlfn.CONCAT("_",Table1[[#This Row],[Sub-Area]]),""))) -> LAR_CAR_PLC_AB_PLC5_11PLC_9050 | L106: =IF(I106 <> "",I106&":\PAS\CBR\ProcessedFiles\"&Table1[[#This Row],[Units]]&"\"&Table1[[#This Row],[Asset Type]]&"\"&K106,"") -> D:\PAS\CBR\ProcessedFiles\CAR\PLC\LAR_CAR_PLC_AB_PLC5_11PLC_9050 | M106: ="MKDIR "&Table1[[#This Row],[Suggested Folder Naming]] -> MKDIR D:\PAS\CBR\ProcessedFiles\CAR\PLC\LAR_CAR_PLC_AB_PLC5_11PLC_9050
B107: LAR | C107: CAR | D107: 17PLC_9056 | E107: PLC | F107: AB PLC5 | G107: AB | H107: PLC5 | I107: D | J107: =_xlfn.TEXTJOIN("_",TRUE,B107:C107) -> LAR_CAR | K107: =J107&"_"&E107&IF(ISNUMBER(SEARCH("PAS",G107)),"","_")&(_xlfn.TEXTJOIN("_",TRUE,IF(G107 <> "PAS",G107:H107,""))&(IF(Table1[[#This Row],[Sub-Area]]<>"",_xlfn.CONCAT("_",Table1[[#This Row],[Sub-Area]]),""))) -> LAR_CAR_PLC_AB_PLC5_17PLC_9056 | L107: =IF(I107 <> "",I107&":\PAS\CBR\ProcessedFiles\"&Table1[[#This Row],[Units]]&"\"&Table1[[#This Row],[Asset Type]]&"\"&K107,"") -> D:\PAS\CBR\ProcessedFiles\CAR\PLC\LAR_CAR_PLC_AB_PLC5_17PLC_9056 | M107: ="MKDIR "&Table1[[#This Row],[Suggested Folder Naming]] -> MKDIR D:\PAS\CBR\ProcessedFiles\CAR\PLC\LAR_CAR_PLC_AB_PLC5_17PLC_9056
B108: LAR | C108: CAR | D108: 23PLC_9203 | E108: PLC | F108: AB PLC5 | G108: =_xlfn.IFNA(VLOOKUP(F108,'Look Table'!B$1:E$64,3,FALSE),"") -> AB | H108: =_xlfn.IFNA(VLOOKUP(F108,'Look Table'!B$1:E$64,4,FALSE),"") -> PLC5 | I108: D | J108: =_xlfn.TEXTJOIN("_",TRUE,B108:C108) -> LAR_CAR | K108: =J108&"_"&E108&IF(ISNUMBER(SEARCH("PAS",G108)),"","_")&(_xlfn.TEXTJOIN("_",TRUE,IF(G108 <> "PAS",G108:H108,""))&(IF(Table1[[#This Row],[Sub-Area]]<>"",_xlfn.CONCAT("_",Table1[[#This Row],[Sub-Area]]),""))) -> LAR_CAR_PLC_AB_PLC5_23PLC_9203 | L108: =IF(I108 <> "",I108&":\PAS\CBR\ProcessedFiles\"&Table1[[#This Row],[Units]]&"\"&Table1[[#This Row],[Asset Type]]&"\"&K108,"") -> D:\PAS\CBR\ProcessedFiles\CAR\PLC\LAR_CAR_PLC_AB_PLC5_23PLC_9203 | M108: ="MKDIR "&Table1[[#This Row],[Suggested Folder Naming]] -> MKDIR D:\PAS\CBR\ProcessedFiles\CAR\PLC\LAR_CAR_PLC_AB_PLC5_23PLC_9203
B109: LAR | C109: CAR | D109: 38PLC_9011 | E109: PLC | F109: AB PLC5 | G109: =_xlfn.IFNA(VLOOKUP(F109,'Look Table'!B$1:E$64,3,FALSE),"") -> AB | H109: =_xlfn.IFNA(VLOOKUP(F109,'Look Table'!B$1:E$64,4,FALSE),"") -> PLC5 | I109: D | J109: =_xlfn.TEXTJOIN("_",TRUE,B109:C109) -> LAR_CAR | K109: =J109&"_"&E109&IF(ISNUMBER(SEARCH("PAS",G109)),"","_")&(_xlfn.TEXTJOIN("_",TRUE,IF(G109 <> "PAS",G109:H109,""))&(IF(Table1[[#This Row],[Sub-Area]]<>"",_xlfn.CONCAT("_",Table1[[#This Row],[Sub-Area]]),""))) -> LAR_CAR_PLC_AB_PLC5_38PLC_9011 | L109: =IF(I109 <> "",I109&":\PAS\CBR\ProcessedFiles\"&Table1[[#This Row],[Units]]&"\"&Table1[[#This Row],[Asset Type]]&"\"&K109,"") -> D:\PAS\CBR\ProcessedFiles\CAR\PLC\LAR_CAR_PLC_AB_PLC5_38PLC_9011 | M109: ="MKDIR "&Table1[[#This Row],[Suggested Folder Naming]] -> MKDIR D:\PAS\CBR\ProcessedFiles\CAR\PLC\LAR_CAR_PLC_AB_PLC5_38PLC_9011
B110: LAR | C110: CAR | D110: 62PLC_9206 | E110: PLC | F110: AB PLC5 | G110: AB | H110: PLC5 | I110: D | J110: =_xlfn.TEXTJOIN("_",TRUE,B110:C110) -> LAR_CAR | K110: =J110&"_"&E110&IF(ISNUMBER(SEARCH("PAS",G110)),"","_")&(_xlfn.TEXTJOIN("_",TRUE,IF(G110 <> "PAS",G110:H110,""))&(IF(Table1[[#This Row],[Sub-Area]]<>"",_xlfn.CONCAT("_",Table1[[#This Row],[Sub-Area]]),""))) -> LAR_CAR_PLC_AB_PLC5_62PLC_9206 | L110: =IF(I110 <> "",I110&":\PAS\CBR\ProcessedFiles\"&Table1[[#This Row],[Units]]&"\"&Table1[[#This Row],[Asset Type]]&"\"&K110,"") -> D:\PAS\CBR\ProcessedFiles\CAR\PLC\LAR_CAR_PLC_AB_PLC5_62PLC_9206 | M110: ="MKDIR "&Table1[[#This Row],[Suggested Folder Naming]] -> MKDIR D:\PAS\CBR\ProcessedFiles\CAR\PLC\LAR_CAR_PLC_AB_PLC5_62PLC_9206
B111: LAR | C111: CAR | D111: 75PLC_9000 | E111: PLC | F111: AB PLC5 | G111: =_xlfn.IFNA(VLOOKUP(F111,'Look Table'!B$1:E$64,3,FALSE),"") -> AB | H111: =_xlfn.IFNA(VLOOKUP(F111,'Look Table'!B$1:E$64,4,FALSE),"") -> PLC5 | I111: D | J111: =_xlfn.TEXTJOIN("_",TRUE,B111:C111) -> LAR_CAR | K111: =J111&"_"&E111&IF(ISNUMBER(SEARCH("PAS",G111)),"","_")&(_xlfn.TEXTJOIN("_",TRUE,IF(G111 <> "PAS",G111:H111,""))&(IF(Table1[[#This Row],[Sub-Area]]<>"",_xlfn.CONCAT("_",Table1[[#This Row],[Sub-Area]]),""))) -> LAR_CAR_PLC_AB_PLC5_75PLC_9000 | L111: =IF(I111 <> "",I111&":\PAS\CBR\ProcessedFiles\"&Table1[[#This Row],[Units]]&"\"&Table1[[#This Row],[Asset Type]]&"\"&K111,"") -> D:\PAS\CBR\ProcessedFiles\CAR\PLC\LAR_CAR_PLC_AB_PLC5_75PLC_9000 | M111: ="MKDIR "&Table1[[#This Row],[Suggested Folder Naming]] -> MKDIR D:\PAS\CBR\ProcessedFiles\CAR\PLC\LAR_CAR_PLC_AB_PLC5_75PLC_9000
B112: LAR | C112: CAR | D112: 75PLC_9001_30 | E112: PLC | F112: AB PLC5 | G112: =_xlfn.IFNA(VLOOKUP(F112,'Look Table'!B$1:E$64,3,FALSE),"") -> AB | H112: =_xlfn.IFNA(VLOOKUP(F112,'Look Table'!B$1:E$64,4,FALSE),"") -> PLC5 | I112: D | J112: =_xlfn.TEXTJOIN("_",TRUE,B112:C112) -> LAR_CAR | K112: =J112&"_"&E112&IF(ISNUMBER(SEARCH("PAS",G112)),"","_")&(_xlfn.TEXTJOIN("_",TRUE,IF(G112 <> "PAS",G112:H112,""))&(IF(Table1[[#This Row],[Sub-Area]]<>"",_xlfn.CONCAT("_",Table1[[#This Row],[Sub-Area]]),""))) -> LAR_CAR_PLC_AB_PLC5_75PLC_9001_30 | L112: =IF(I112 <> "",I112&":\PAS\CBR\ProcessedFiles\"&Table1[[#This Row],[Units]]&"\"&Table1[[#This Row],[Asset Type]]&"\"&K112,"") -> D:\PAS\CBR\ProcessedFiles\CAR\PLC\LAR_CAR_PLC_AB_PLC5_75PLC_9001_30 | M112: ="MKDIR "&Table1[[#This Row],[Suggested Folder Naming]] -> MKDIR D:\PAS\CBR\ProcessedFiles\CAR\PLC\LAR_CAR_PLC_AB_PLC5_75PLC_9001_30
B113: LAR | C113: CAR | D113: 75PLC_9001_31 | E113: PLC | F113: AB PLC5 | G113: =_xlfn.IFNA(VLOOKUP(F113,'Look Table'!B$1:E$64,3,FALSE),"") -> AB | H113: =_xlfn.IFNA(VLOOKUP(F113,'Look Table'!B$1:E$64,4,FALSE),"") -> PLC5 | I113: D | J113: =_xlfn.TEXTJOIN("_",TRUE,B113:C113) -> LAR_CAR | K113: =J113&"_"&E113&IF(ISNUMBER(SEARCH("PAS",G113)),"","_")&(_xlfn.TEXTJOIN("_",TRUE,IF(G113 <> "PAS",G113:H113,""))&(IF(Table1[[#This Row],[Sub-Area]]<>"",_xlfn.CONCAT("_",Table1[[#This Row],[Sub-Area]]),""))) -> LAR_CAR_PLC_AB_PLC5_75PLC_9001_31 | L113: =IF(I113 <> "",I113&":\PAS\CBR\ProcessedFiles\"&Table1[[#This Row],[Units]]&"\"&Table1[[#This Row],[Asset Type]]&"\"&K113,"") -> D:\PAS\CBR\ProcessedFiles\CAR\PLC\LAR_CAR_PLC_AB_PLC5_75PLC_9001_31 | M113: ="MKDIR "&Table1[[#This Row],[Suggested Folder Naming]] -> MKDIR D:\PAS\CBR\ProcessedFiles\CAR\PLC\LAR_CAR_PLC_AB_PLC5_75PLC_9001_31
B114: LAR | C114: CAR | D114: 75PLC_9002 | E114: PLC | F114: AB PLC5 | G114: =_xlfn.IFNA(VLOOKUP(F114,'Look Table'!B$1:E$64,3,FALSE),"") -> AB | H114: =_xlfn.IFNA(VLOOKUP(F114,'Look Table'!B$1:E$64,4,FALSE),"") -> PLC5 | I114: D | J114: =_xlfn.TEXTJOIN("_",TRUE,B114:C114) -> LAR_CAR | K114: =J114&"_"&E114&IF(ISNUMBER(SEARCH("PAS",G114)),"","_")&(_xlfn.TEXTJOIN("_",TRUE,IF(G114 <> "PAS",G114:H114,""))&(IF(Table1[[#This Row],[Sub-Area]]<>"",_xlfn.CONCAT("_",Table1[[#This Row],[Sub-Area]]),""))) -> LAR_CAR_PLC_AB_PLC5_75PLC_9002 | L114: =IF(I114 <> "",I114&":\PAS\CBR\ProcessedFiles\"&Table1[[#This Row],[Units]]&"\"&Table1[[#This Row],[Asset Type]]&"\"&K114,"") -> D:\PAS\CBR\ProcessedFiles\CAR\PLC\LAR_CAR_PLC_AB_PLC5_75PLC_9002 | M114: ="MKDIR "&Table1[[#This Row],[Suggested Folder Naming]] -> MKDIR D:\PAS\CBR\ProcessedFiles\CAR\PLC\LAR_CAR_PLC_AB_PLC5_75PLC_9002
B115: LAR | C115: CAR | D115: 75PLC_9003 | E115: PLC | F115: AB PLC5 | G115: =_xlfn.IFNA(VLOOKUP(F115,'Look Table'!B$1:E$64,3,FALSE),"") -> AB | H115: =_xlfn.IFNA(VLOOKUP(F115,'Look Table'!B$1:E$64,4,FALSE),"") -> PLC5 | I115: D | J115: =_xlfn.TEXTJOIN("_",TRUE,B115:C115) -> LAR_CAR | K115: =J115&"_"&E115&IF(ISNUMBER(SEARCH("PAS",G115)),"","_")&(_xlfn.TEXTJOIN("_",TRUE,IF(G115 <> "PAS",G115:H115,""))&(IF(Table1[[#This Row],[Sub-Area]]<>"",_xlfn.CONCAT("_",Table1[[#This Row],[Sub-Area]]),""))) -> LAR_CAR_PLC_AB_PLC5_75PLC_9003 | L115: =IF(I115 <> "",I115&":\PAS\CBR\ProcessedFiles\"&Table1[[#This Row],[Units]]&"\"&Table1[[#This Row],[Asset Type]]&"\"&K115,"") -> D:\PAS\CBR\ProcessedFiles\CAR\PLC\LAR_CAR_PLC_AB_PLC5_75PLC_9003 | M115: ="MKDIR "&Table1[[#This Row],[Suggested Folder Naming]] -> MKDIR D:\PAS\CBR\ProcessedFiles\CAR\PLC\LAR_CAR_PLC_AB_PLC5_75PLC_9003
B116: LAR | C116: CAR | D116: 75PLC_9004 | E116: PLC | F116: AB PLC5 | G116: =_xlfn.IFNA(VLOOKUP(F116,'Look Table'!B$1:E$64,3,FALSE),"") -> AB | H116: =_xlfn.IFNA(VLOOKUP(F116,'Look Table'!B$1:E$64,4,FALSE),"") -> PLC5 | I116: D | J116: =_xlfn.TEXTJOIN("_",TRUE,B116:C116) -> LAR_CAR | K116: =J116&"_"&E116&IF(ISNUMBER(SEARCH("PAS",G116)),"","_")&(_xlfn.TEXTJOIN("_",TRUE,IF(G116 <> "PAS",G116:H116,""))&(IF(Table1[[#This Row],[Sub-Area]]<>"",_xlfn.CONCAT("_",Table1[[#This Row],[Sub-Area]]),""))) -> LAR_CAR_PLC_AB_PLC5_75PLC_9004 | L116: =IF(I116 <> "",I116&":\PAS\CBR\ProcessedFiles\"&Table1[[#This Row],[Units]]&"\"&Table1[[#This Row],[Asset Type]]&"\"&K116,"") -> D:\PAS\CBR\ProcessedFiles\CAR\PLC\LAR_CAR_PLC_AB_PLC5_75PLC_9004 | M116: ="MKDIR "&Table1[[#This Row],[Suggested Folder Naming]] -> MKDIR D:\PAS\CBR\ProcessedFiles\CAR\PLC\LAR_CAR_PLC_AB_PLC5_75PLC_9004
B117: LAR | C117: CAR | D117: 75PLC_9005 | E117: PLC | F117: AB PLC5 | G117: =_xlfn.IFNA(VLOOKUP(F117,'Look Table'!B$1:E$64,3,FALSE),"") -> AB | H117: =_xlfn.IFNA(VLOOKUP(F117,'Look Table'!B$1:E$64,4,FALSE),"") -> PLC5 | I117: D | J117: =_xlfn.TEXTJOIN("_",TRUE,B117:C117) -> LAR_CAR | K117: =J117&"_"&E117&IF(ISNUMBER(SEARCH("PAS",G117)),"","_")&(_xlfn.TEXTJOIN("_",TRUE,IF(G117 <> "PAS",G117:H117,""))&(IF(Table1[[#This Row],[Sub-Area]]<>"",_xlfn.CONCAT("_",Table1[[#This Row],[Sub-Area]]),""))) -> LAR_CAR_PLC_AB_PLC5_75PLC_9005 | L117: =IF(I117 <> "",I117&":\PAS\CBR\ProcessedFiles\"&Table1[[#This Row],[Units]]&"\"&Table1[[#This Row],[Asset Type]]&"\"&K117,"") -> D:\PAS\CBR\ProcessedFiles\CAR\PLC\LAR_CAR_PLC_AB_PLC5_75PLC_9005 | M117: ="MKDIR "&Table1[[#This Row],[Suggested Folder Naming]] -> MKDIR D:\PAS\CBR\ProcessedFiles\CAR\PLC\LAR_CAR_PLC_AB_PLC5_75PLC_9005
B118: LAR | C118: CAR | D118: 75PLC_9006 | E118: PLC | F118: AB PLC5 | G118: =_xlfn.IFNA(VLOOKUP(F118,'Look Table'!B$1:E$64,3,FALSE),"") -> AB | H118: =_xlfn.IFNA(VLOOKUP(F118,'Look Table'!B$1:E$64,4,FALSE),"") -> PLC5 | I118: D | J118: =_xlfn.TEXTJOIN("_",TRUE,B118:C118) -> LAR_CAR | K118: =J118&"_"&E118&IF(ISNUMBER(SEARCH("PAS",G118)),"","_")&(_xlfn.TEXTJOIN("_",TRUE,IF(G118 <> "PAS",G118:H118,""))&(IF(Table1[[#This Row],[Sub-Area]]<>"",_xlfn.CONCAT("_",Table1[[#This Row],[Sub-Area]]),""))) -> LAR_CAR_PLC_AB_PLC5_75PLC_9006 | L118: =IF(I118 <> "",I118&":\PAS\CBR\ProcessedFiles\"&Table1[[#This Row],[Units]]&"\"&Table1[[#This Row],[Asset Type]]&"\"&K118,"") -> D:\PAS\CBR\ProcessedFiles\CAR\PLC\LAR_CAR_PLC_AB_PLC5_75PLC_9006 | M118: ="MKDIR "&Table1[[#This Row],[Suggested Folder Naming]] -> MKDIR D:\PAS\CBR\ProcessedFiles\CAR\PLC\LAR_CAR_PLC_AB_PLC5_75PLC_9006
B119: LAR | C119: CAR | D119: 75PLC_9007 | E119: PLC | F119: AB PLC5 | G119: =_xlfn.IFNA(VLOOKUP(F119,'Look Table'!B$1:E$64,3,FALSE),"") -> AB | H119: =_xlfn.IFNA(VLOOKUP(F119,'Look Table'!B$1:E$64,4,FALSE),"") -> PLC5 | I119: D | J119: =_xlfn.TEXTJOIN("_",TRUE,B119:C119) -> LAR_CAR | K119: =J119&"_"&E119&IF(ISNUMBER(SEARCH("PAS",G119)),"","_")&(_xlfn.TEXTJOIN("_",TRUE,IF(G119 <> "PAS",G119:H119,""))&(IF(Table1[[#This Row],[Sub-Area]]<>"",_xlfn.CONCAT("_",Table1[[#This Row],[Sub-Area]]),""))) -> LAR_CAR_PLC_AB_PLC5_75PLC_9007 | L119: =IF(I119 <> "",I119&":\PAS\CBR\ProcessedFiles\"&Table1[[#This Row],[Units]]&"\"&Table1[[#This Row],[Asset Type]]&"\"&K119,"") -> D:\PAS\CBR\ProcessedFiles\CAR\PLC\LAR_CAR_PLC_AB_PLC5_75PLC_9007 | M119: ="MKDIR "&Table1[[#This Row],[Suggested Folder Naming]] -> MKDIR D:\PAS\CBR\ProcessedFiles\CAR\PLC\LAR_CAR_PLC_AB_PLC5_75PLC_9007
B120: LAR | C120: CAR | D120: 75PLC_9008 | E120: PLC | F120: AB PLC5 | G120: =_xlfn.IFNA(VLOOKUP(F120,'Look Table'!B$1:E$64,3,FALSE),"") -> AB | H120: =_xlfn.IFNA(VLOOKUP(F120,'Look Table'!B$1:E$64,4,FALSE),"") -> PLC5 | I120: D | J120: =_xlfn.TEXTJOIN("_",TRUE,B120:C120) -> LAR_CAR | K120: =J120&"_"&E120&IF(ISNUMBER(SEARCH("PAS",G120)),"","_")&(_xlfn.TEXTJOIN("_",TRUE,IF(G120 <> "PAS",G120:H120,""))&(IF(Table1[[#This Row],[Sub-Area]]<>"",_xlfn.CONCAT("_",Table1[[#This Row],[Sub-Area]]),""))) -> LAR_CAR_PLC_AB_PLC5_75PLC_9008 | L120: =IF(I120 <> "",I120&":\PAS\CBR\ProcessedFiles\"&Table1[[#This Row],[Units]]&"\"&Table1[[#This Row],[Asset Type]]&"\"&K120,"") -> D:\PAS\CBR\ProcessedFiles\CAR\PLC\LAR_CAR_PLC_AB_PLC5_75PLC_9008 | M120: ="MKDIR "&Table1[[#This Row],[Suggested Folder Naming]] -> MKDIR D:\PAS\CBR\ProcessedFiles\CAR\PLC\LAR_CAR_PLC_AB_PLC5_75PLC_9008
B121: LAR | C121: CAR | D121: 75PLC_9009 | E121: PLC | F121: AB PLC5 | G121: =_xlfn.IFNA(VLOOKUP(F121,'Look Table'!B$1:E$64,3,FALSE),"") -> AB | H121: =_xlfn.IFNA(VLOOKUP(F121,'Look Table'!B$1:E$64,4,FALSE),"") -> PLC5 | I121: D | J121: =_xlfn.TEXTJOIN("_",TRUE,B121:C121) -> LAR_CAR | K121: =J121&"_"&E121&IF(ISNUMBER(SEARCH("PAS",G121)),"","_")&(_xlfn.TEXTJOIN("_",TRUE,IF(G121 <> "PAS",G121:H121,""))&(IF(Table1[[#This Row],[Sub-Area]]<>"",_xlfn.CONCAT("_",Table1[[#This Row],[Sub-Area]]),""))) -> LAR_CAR_PLC_AB_PLC5_75PLC_9009 | L121: =IF(I121 <> "",I121&":\PAS\CBR\ProcessedFiles\"&Table1[[#This Row],[Units]]&"\"&Table1[[#This Row],[Asset Type]]&"\"&K121,"") -> D:\PAS\CBR\ProcessedFiles\CAR\PLC\LAR_CAR_PLC_AB_PLC5_75PLC_9009 | M121: ="MKDIR "&Table1[[#This Row],[Suggested Folder Naming]] -> MKDIR D:\PAS\CBR\ProcessedFiles\CAR\PLC\LAR_CAR_PLC_AB_PLC5_75PLC_9009
B122: LAR | C122: CAR | D122: 75PLC_9010 | E122: PLC | F122: AB PLC5 | G122: =_xlfn.IFNA(VLOOKUP(F122,'Look Table'!B$1:E$64,3,FALSE),"") -> AB | H122: =_xlfn.IFNA(VLOOKUP(F122,'Look Table'!B$1:E$64,4,FALSE),"") -> PLC5 | I122: D | J122: =_xlfn.TEXTJOIN("_",TRUE,B122:C122) -> LAR_CAR | K122: =J122&"_"&E122&IF(ISNUMBER(SEARCH("PAS",G122)),"","_")&(_xlfn.TEXTJOIN("_",TRUE,IF(G122 <> "PAS",G122:H122,""))&(IF(Table1[[#This Row],[Sub-Area]]<>"",_xlfn.CONCAT("_",Table1[[#This Row],[Sub-Area]]),""))) -> LAR_CAR_PLC_AB_PLC5_75PLC_9010 | L122: =IF(I122 <> "",I122&":\PAS\CBR\ProcessedFiles\"&Table1[[#This Row],[Units]]&"\"&Table1[[#This Row],[Asset Type]]&"\"&K122,"") -> D:\PAS\CBR\ProcessedFiles\CAR\PLC\LAR_CAR_PLC_AB_PLC5_75PLC_9010 | M122: ="MKDIR "&Table1[[#This Row],[Suggested Folder Naming]] -> MKDIR D:\PAS\CBR\ProcessedFiles\CAR\PLC\LAR_CAR_PLC_AB_PLC5_75PLC_9010
... B130: LAR | C130: CAR | D130: 84PLC_9061 | E130: PLC | F130: AB PLC5 | G130: =_xlfn.IFNA(VLOOKUP(F130,'Look Table'!B$1:E$64,3,FALSE),"") -> AB | H130: =_xlfn.IFNA(VLOOKUP(F130,'Look Table'!B$1:E$64,4,FALSE),"") -> PLC5 | I130: D | J130: =_xlfn.TEXTJOIN("_",TRUE,B130:C130) -> LAR_CAR | K130: =J130&"_"&E130&IF(ISNUMBER(SEARCH("PAS",G130)),"","_")&(_xlfn.TEXTJOIN("_",TRUE,IF(G130 <> "PAS",G130:H130,""))&(IF(Table1[[#This Row],[Sub-Area]]<>"",_xlfn.CONCAT("_",Table1[[#This Row],[Sub-Area]]),""))) -> LAR_CAR_PLC_AB_PLC5_84PLC_9061 | L130: =IF(I130 <> "",I130&":\PAS\CBR\ProcessedFiles\"&Table1[[#This Row],[Units]]&"\"&Table1[[#This Row],[Asset Type]]&"\"&K130,"") -> D:\PAS\CBR\ProcessedFiles\CAR\PLC\LAR_CAR_PLC_AB_PLC5_84PLC_9061 | M130: ="MKDIR "&Table1[[#This Row],[Suggested Folder Naming]] -> MKDIR D:\PAS\CBR\ProcessedFiles\CAR\PLC\LAR_CAR_PLC_AB_PLC5_84PLC_9061
B131: LAR | C131: CAR | D131: 87PLC_9067 | E131: PLC | F131: AB PLC5 | G131: AB | H131: PLC5 | I131: D | J131: =_xlfn.TEXTJOIN("_",TRUE,B131:C131) -> LAR_CAR | K131: =J131&"_"&E131&IF(ISNUMBER(SEARCH("PAS",G131)),"","_")&(_xlfn.TEXTJOIN("_",TRUE,IF(G131 <> "PAS",G131:H131,""))&(IF(Table1[[#This Row],[Sub-Area]]<>"",_xlfn.CONCAT("_",Table1[[#This Row],[Sub-Area]]),""))) -> LAR_CAR_PLC_AB_PLC5_87PLC_9067 | L131: =IF(I131 <> "",I131&":\PAS\CBR\ProcessedFiles\"&Table1[[#This Row],[Units]]&"\"&Table1[[#This Row],[Asset Type]]&"\"&K131,"") -> D:\PAS\CBR\ProcessedFiles\CAR\PLC\LAR_CAR_PLC_AB_PLC5_87PLC_9067 | M131: ="MKDIR "&Table1[[#This Row],[Suggested Folder Naming]] -> MKDIR D:\PAS\CBR\ProcessedFiles\CAR\PLC\LAR_CAR_PLC_AB_PLC5_87PLC_9067
B132: LAR | C132: CAR | D132: 88PLC_9207 | E132: PLC | F132: AB PLC5 | G132: AB | H132: PLC5 | I132: D | J132: =_xlfn.TEXTJOIN("_",TRUE,B132:C132) -> LAR_CAR | K132: =J132&"_"&E132&IF(ISNUMBER(SEARCH("PAS",G132)),"","_")&(_xlfn.TEXTJOIN("_",TRUE,IF(G132 <> "PAS",G132:H132,""))&(IF(Table1[[#This Row],[Sub-Area]]<>"",_xlfn.CONCAT("_",Table1[[#This Row],[Sub-Area]]),""))) -> LAR_CAR_PLC_AB_PLC5_88PLC_9207 | L132: =IF(I132 <> "",I132&":\PAS\CBR\ProcessedFiles\"&Table1[[#This Row],[Units]]&"\"&Table1[[#This Row],[Asset Type]]&"\"&K132,"") -> D:\PAS\CBR\ProcessedFiles\CAR\PLC\LAR_CAR_PLC_AB_PLC5_88PLC_9207 | M132: ="MKDIR "&Table1[[#This Row],[Suggested Folder Naming]] -> MKDIR D:\PAS\CBR\ProcessedFiles\CAR\PLC\LAR_CAR_PLC_AB_PLC5_88PLC_9207
B133: LAR | C133: CAR | D133: 89PLC_9060 | E133: PLC | F133: AB PLC5 | G133: =_xlfn.IFNA(VLOOKUP(F133,'Look Table'!B$1:E$64,3,FALSE),"") -> AB | H133: =_xlfn.IFNA(VLOOKUP(F133,'Look Table'!B$1:E$64,4,FALSE),"") -> PLC5 | I133: D | J133: =_xlfn.TEXTJOIN("_",TRUE,B133:C133) -> LAR_CAR | K133: =J133&"_"&E133&IF(ISNUMBER(SEARCH("PAS",G133)),"","_")&(_xlfn.TEXTJOIN("_",TRUE,IF(G133 <> "PAS",G133:H133,""))&(IF(Table1[[#This Row],[Sub-Area]]<>"",_xlfn.CONCAT("_",Table1[[#This Row],[Sub-Area]]),""))) -> LAR_CAR_PLC_AB_PLC5_89PLC_9060 | L133: =IF(I133 <> "",I133&":\PAS\CBR\ProcessedFiles\"&Table1[[#This Row],[Units]]&"\"&Table1[[#This Row],[Asset Type]]&"\"&K133,"") -> D:\PAS\CBR\ProcessedFiles\CAR\PLC\LAR_CAR_PLC_AB_PLC5_89PLC_9060 | M133: ="MKDIR "&Table1[[#This Row],[Suggested Folder Naming]] -> MKDIR D:\PAS\CBR\ProcessedFiles\CAR\PLC\LAR_CAR_PLC_AB_PLC5_89PLC_9060
B134: LAR | C134: WIL | D134: ANLZ_03PLC_9026 | E134: PLC | F134: AB PLC5 | G134: =_xlfn.IFNA(VLOOKUP(F134,'[1]Look Table'!B$1:E$75,3,FALSE),"") -> AB | H134: =_xlfn.IFNA(VLOOKUP(F134,'[1]Look Table'!B$1:E$75,4,FALSE),"") -> PLC5 | I134: D | J134: =_xlfn.TEXTJOIN("_",TRUE,B134:C134) -> LAR_WIL | K134: =J134&"_"&E134&IF(ISNUMBER(SEARCH("PAS",G134)),"","_")&(_xlfn.TEXTJOIN("_",TRUE,IF(G134 <> "PAS",G134:H134,""))&(IF(Table1[[#This Row],[Sub-Area]]<>"",_xlfn.CONCAT("_",Table1[[#This Row],[Sub-Area]]),""))) -> LAR_WIL_PLC_AB_PLC5_ANLZ_03PLC_9026 | L134: =IF(I134 <> "",I134&":\PAS\CBR\ProcessedFiles\"&Table1[[#This Row],[Units]]&"\"&Table1[[#This Row],[Asset Type]]&"\"&K134,"") -> D:\PAS\CBR\ProcessedFiles\WIL\PLC\LAR_WIL_PLC_AB_PLC5_ANLZ_03PLC_9026 | M134: ="MKDIR "&Table1[[#This Row],[Suggested Folder Naming]] -> MKDIR D:\PAS\CBR\ProcessedFiles\WIL\PLC\LAR_WIL_PLC_AB_PLC5_ANLZ_03PLC_9026
B135: LAR | C135: WIL | D135: ANLZ_11PLC_9025 | E135: PLC | F135: AB PLC5 | G135: =_xlfn.IFNA(VLOOKUP(F135,'[1]Look Table'!B$1:E$75,3,FALSE),"") -> AB | H135: =_xlfn.IFNA(VLOOKUP(F135,'[1]Look Table'!B$1:E$75,4,FALSE),"") -> PLC5 | I135: D | J135: =_xlfn.TEXTJOIN("_",TRUE,B135:C135) -> LAR_WIL | K135: =J135&"_"&E135&IF(ISNUMBER(SEARCH("PAS",G135)),"","_")&(_xlfn.TEXTJOIN("_",TRUE,IF(G135 <> "PAS",G135:H135,""))&(IF(Table1[[#This Row],[Sub-Area]]<>"",_xlfn.CONCAT("_",Table1[[#This Row],[Sub-Area]]),""))) -> LAR_WIL_PLC_AB_PLC5_ANLZ_11PLC_9025 | L135: =IF(I135 <> "",I135&":\PAS\CBR\ProcessedFiles\"&Table1[[#This Row],[Units]]&"\"&Table1[[#This Row],[Asset Type]]&"\"&K135,"") -> D:\PAS\CBR\ProcessedFiles\WIL\PLC\LAR_WIL_PLC_AB_PLC5_ANLZ_11PLC_9025 | M135: ="MKDIR "&Table1[[#This Row],[Suggested Folder Naming]] -> MKDIR D:\PAS\CBR\ProcessedFiles\WIL\PLC\LAR_WIL_PLC_AB_PLC5_ANLZ_11PLC_9025
B136: LAR | C136: WIL | D136: ANLZ_11PLC_9035 | E136: PLC | F136: AB PLC5 | G136: =_xlfn.IFNA(VLOOKUP(F136,'[1]Look Table'!B$1:E$75,3,FALSE),"") -> AB | H136: =_xlfn.IFNA(VLOOKUP(F136,'[1]Look Table'!B$1:E$75,4,FALSE),"") -> PLC5 | I136: D | J136: =_xlfn.TEXTJOIN("_",TRUE,B136:C136) -> LAR_WIL | K136: =J136&"_"&E136&IF(ISNUMBER(SEARCH("PAS",G136)),"","_")&(_xlfn.TEXTJOIN("_",TRUE,IF(G136 <> "PAS",G136:H136,""))&(IF(Table1[[#This Row],[Sub-Area]]<>"",_xlfn.CONCAT("_",Table1[[#This Row],[Sub-Area]]),""))) -> LAR_WIL_PLC_AB_PLC5_ANLZ_11PLC_9035 | L136: =IF(I136 <> "",I136&":\PAS\CBR\ProcessedFiles\"&Table1[[#This Row],[Units]]&"\"&Table1[[#This Row],[Asset Type]]&"\"&K136,"") -> D:\PAS\CBR\ProcessedFiles\WIL\PLC\LAR_WIL_PLC_AB_PLC5_ANLZ_11PLC_9035 | M136: ="MKDIR "&Table1[[#This Row],[Suggested Folder Naming]] -> MKDIR D:\PAS\CBR\ProcessedFiles\WIL\PLC\LAR_WIL_PLC_AB_PLC5_ANLZ_11PLC_9035
B137: LAR | C137: WIL | D137: ANLZ_11PLC_9062 | E137: PLC | F137: AB PLC5 | G137: =_xlfn.IFNA(VLOOKUP(F137,'[1]Look Table'!B$1:E$75,3,FALSE),"") -> AB | H137: =_xlfn.IFNA(VLOOKUP(F137,'[1]Look Table'!B$1:E$75,4,FALSE),"") -> PLC5 | I137: D | J137: =_xlfn.TEXTJOIN("_",TRUE,B137:C137) -> LAR_WIL | K137: =J137&"_"&E137&IF(ISNUMBER(SEARCH("PAS",G137)),"","_")&(_xlfn.TEXTJOIN("_",TRUE,IF(G137 <> "PAS",G137:H137,""))&(IF(Table1[[#This Row],[Sub-Area]]<>"",_xlfn.CONCAT("_",Table1[[#This Row],[Sub-Area]]),""))) -> LAR_WIL_PLC_AB_PLC5_ANLZ_11PLC_9062 | L137: =IF(I137 <> "",I137&":\PAS\CBR\ProcessedFiles\"&Table1[[#This Row],[Units]]&"\"&Table1[[#This Row],[Asset Type]]&"\"&K137,"") -> D:\PAS\CBR\ProcessedFiles\WIL\PLC\LAR_WIL_PLC_AB_PLC5_ANLZ_11PLC_9062 | M137: ="MKDIR "&Table1[[#This Row],[Suggested Folder Naming]] -> MKDIR D:\PAS\CBR\ProcessedFiles\WIL\PLC\LAR_WIL_PLC_AB_PLC5_ANLZ_11PLC_9062
B138: LAR | C138: WIL | D138: ANLZ_19PLC_9044 | E138: PLC | F138: AB PLC5 | G138: =_xlfn.IFNA(VLOOKUP(F138,'[1]Look Table'!B$1:E$75,3,FALSE),"") -> AB | H138: =_xlfn.IFNA(VLOOKUP(F138,'[1]Look Table'!B$1:E$75,4,FALSE),"") -> PLC5 | I138: D | J138: =_xlfn.TEXTJOIN("_",TRUE,B138:C138) -> LAR_WIL | K138: =J138&"_"&E138&IF(ISNUMBER(SEARCH("PAS",G138)),"","_")&(_xlfn.TEXTJOIN("_",TRUE,IF(G138 <> "PAS",G138:H138,""))&(IF(Table1[[#This Row],[Sub-Area]]<>"",_xlfn.CONCAT("_",Table1[[#This Row],[Sub-Area]]),""))) -> LAR_WIL_PLC_AB_PLC5_ANLZ_19PLC_9044 | L138: =IF(I138 <> "",I138&":\PAS\CBR\ProcessedFiles\"&Table1[[#This Row],[Units]]&"\"&Table1[[#This Row],[Asset Type]]&"\"&K138,"") -> D:\PAS\CBR\ProcessedFiles\WIL\PLC\LAR_WIL_PLC_AB_PLC5_ANLZ_19PLC_9044 | M138: ="MKDIR "&Table1[[#This Row],[Suggested Folder Naming]] -> MKDIR D:\PAS\CBR\ProcessedFiles\WIL\PLC\LAR_WIL_PLC_AB_PLC5_ANLZ_19PLC_9044
B139: LAR | C139: WIL | D139: ANLZ_22PLC_9030 | E139: PLC | F139: AB PLC5 | G139: =_xlfn.IFNA(VLOOKUP(F139,'[1]Look Table'!B$1:E$75,3,FALSE),"") -> AB | H139: =_xlfn.IFNA(VLOOKUP(F139,'[1]Look Table'!B$1:E$75,4,FALSE),"") -> PLC5 | I139: D | J139: =_xlfn.TEXTJOIN("_",TRUE,B139:C139) -> LAR_WIL | K139: =J139&"_"&E139&IF(ISNUMBER(SEARCH("PAS",G139)),"","_")&(_xlfn.TEXTJOIN("_",TRUE,IF(G139 <> "PAS",G139:H139,""))&(IF(Table1[[#This Row],[Sub-Area]]<>"",_xlfn.CONCAT("_",Table1[[#This Row],[Sub-Area]]),""))) -> LAR_WIL_PLC_AB_PLC5_ANLZ_22PLC_9030 | L139: =IF(I139 <> "",I139&":\PAS\CBR\ProcessedFiles\"&Table1[[#This Row],[Units]]&"\"&Table1[[#This Row],[Asset Type]]&"\"&K139,"") -> D:\PAS\CBR\ProcessedFiles\WIL\PLC\LAR_WIL_PLC_AB_PLC5_ANLZ_22PLC_9030 | M139: ="MKDIR "&Table1[[#This Row],[Suggested Folder Naming]] -> MKDIR D:\PAS\CBR\ProcessedFiles\WIL\PLC\LAR_WIL_PLC_AB_PLC5_ANLZ_22PLC_9030
B140: LAR | C140: WIL | D140: ANLZ_23PLC_9040 | E140: PLC | F140: AB PLC5 | G140: =_xlfn.IFNA(VLOOKUP(F140,'[1]Look Table'!B$1:E$75,3,FALSE),"") -> AB | H140: =_xlfn.IFNA(VLOOKUP(F140,'[1]Look Table'!B$1:E$75,4,FALSE),"") -> PLC5 | I140: D | J140: =_xlfn.TEXTJOIN("_",TRUE,B140:C140) -> LAR_WIL | K140: =J140&"_"&E140&IF(ISNUMBER(SEARCH("PAS",G140)),"","_")&(_xlfn.TEXTJOIN("_",TRUE,IF(G140 <> "PAS",G140:H140,""))&(IF(Table1[[#This Row],[Sub-Area]]<>"",_xlfn.CONCAT("_",Table1[[#This Row],[Sub-Area]]),""))) -> LAR_WIL_PLC_AB_PLC5_ANLZ_23PLC_9040 | L140: =IF(I140 <> "",I140&":\PAS\CBR\ProcessedFiles\"&Table1[[#This Row],[Units]]&"\"&Table1[[#This Row],[Asset Type]]&"\"&K140,"") -> D:\PAS\CBR\ProcessedFiles\WIL\PLC\LAR_WIL_PLC_AB_PLC5_ANLZ_23PLC_9040 | M140: ="MKDIR "&Table1[[#This Row],[Suggested Folder Naming]] -> MKDIR D:\PAS\CBR\ProcessedFiles\WIL\PLC\LAR_WIL_PLC_AB_PLC5_ANLZ_23PLC_9040
B141: LAR | C141: WIL | D141: ANLZ_29PLC_9037 | E141: PLC | F141: AB PLC5 | G141: =_xlfn.IFNA(VLOOKUP(F141,'[1]Look Table'!B$1:E$75,3,FALSE),"") -> AB | H141: =_xlfn.IFNA(VLOOKUP(F141,'[1]Look Table'!B$1:E$75,4,FALSE),"") -> PLC5 | I141: D | J141: =_xlfn.TEXTJOIN("_",TRUE,B141:C141) -> LAR_WIL | K141: =J141&"_"&E141&IF(ISNUMBER(SEARCH("PAS",G141)),"","_")&(_xlfn.TEXTJOIN("_",TRUE,IF(G141 <> "PAS",G141:H141,""))&(IF(Table1[[#This Row],[Sub-Area]]<>"",_xlfn.CONCAT("_",Table1[[#This Row],[Sub-Area]]),""))) -> LAR_WIL_PLC_AB_PLC5_ANLZ_29PLC_9037 | L141: =IF(I141 <> "",I141&":\PAS\CBR\ProcessedFiles\"&Table1[[#This Row],[Units]]&"\"&Table1[[#This Row],[Asset Type]]&"\"&K141,"") -> D:\PAS\CBR\ProcessedFiles\WIL\PLC\LAR_WIL_PLC_AB_PLC5_ANLZ_29PLC_9037 | M141: ="MKDIR "&Table1[[#This Row],[Suggested Folder Naming]] -> MKDIR D:\PAS\CBR\ProcessedFiles\WIL\PLC\LAR_WIL_PLC_AB_PLC5_ANLZ_29PLC_9037
B142: LAR | C142: WIL | D142: ANLZ_31PLC_9028 | E142: PLC | F142: AB PLC5 | G142: =_xlfn.IFNA(VLOOKUP(F142,'[1]Look Table'!B$1:E$75,3,FALSE),"") -> AB | H142: =_xlfn.IFNA(VLOOKUP(F142,'[1]Look Table'!B$1:E$75,4,FALSE),"") -> PLC5 | I142: D | J142: =_xlfn.TEXTJOIN("_",TRUE,B142:C142) -> LAR_WIL | K142: =J142&"_"&E142&IF(ISNUMBER(SEARCH("PAS",G142)),"","_")&(_xlfn.TEXTJOIN("_",TRUE,IF(G142 <> "PAS",G142:H142,""))&(IF(Table1[[#This Row],[Sub-Area]]<>"",_xlfn.CONCAT("_",Table1[[#This Row],[Sub-Area]]),""))) -> LAR_WIL_PLC_AB_PLC5_ANLZ_31PLC_9028 | L142: =IF(I142 <> "",I142&":\PAS\CBR\ProcessedFiles\"&Table1[[#This Row],[Units]]&"\"&Table1[[#This Row],[Asset Type]]&"\"&K142,"") -> D:\PAS\CBR\ProcessedFiles\WIL\PLC\LAR_WIL_PLC_AB_PLC5_ANLZ_31PLC_9028 | M142: ="MKDIR "&Table1[[#This Row],[Suggested Folder Naming]] -> MKDIR D:\PAS\CBR\ProcessedFiles\WIL\PLC\LAR_WIL_PLC_AB_PLC5_ANLZ_31PLC_9028
...

Sheet Sheet1
D1: qdeadadada
D2: LAR_CAR_ManualInventory
D3: LAR_WCC_ManualInventory
D4: LAR_WIL_ManualInventory
D5: LAR_CAR_PLC_AB_CtrLogix_17PLC_9057
D6: LAR_CAR_PLC_AB_CtrLogix_61PLC_9337
D7: LAR_CAR_PLC_AB_CtrLogix_61PLC_9347
D8: LAR_CAR_PLC_AB_CtrLogix_61PLC_9348
D9: LAR_CAR_PLC_AB_CtrLogix_70PLC_9318
D10: LAR_CAR_PLC_AB_CtrLogix_70PLC_9325
D11: LAR_CAR_PLC_AB_CtrLogix_73PLC_9330
D12: LAR_CAR_PLC_AB_CtrLogix_74PLC_9338
... D380: LAR_WIL_TCS_Woodward_GAP_Cogen_STG

Sheet Look Table
A1: Asset Type | B1: Asset Model | C1: Vendor | D1: Vendor Prefix | E1: Product
A2: APC | B2: Aspen DMCplus | C2: Aspen | D2: Aspen | E2: DMCplus
A3: DCS | B3: ABB Freelance | C3: ABB | D3: =C3 -> ABB | E3: Freelance
A4: DCS | B4: ABB Harmony | C4: ABB | D4: =C4 -> ABB | E4: Harmony
A5: DCS | B5: ABB Symphony Plus | C5: ABB | D5: =C5 -> ABB | E5: SymphonyPlus
A6: DCS | B6: Dow MOD5 | C6: Dow | D6: =C6 -> Dow | E6: MOD5
A7: DCS | B7: Emerson DeltaV | C7: Emerson | D7: EE | E7: DeltaV
A8: DCS | B8: Emerson Ovation | C8: Emerson | D8: EE | E8: Ovation
A9: DCS | B9: Honeywell EPKS | C9: Honeywell | D9: HW | E9: EPKS
A10: DCS | B10: Honeywell TPS | C10: Honeywell | D10: HW | E10: TPS
A11: DCS | B11: Invensys CTS | C11: Schneider | D11: SE | E11: CTS
A12: DCS | B12: Invensys FoxIA | C12: Schneider | D12: SE | E12: FoxIA
A13: DCS | B13: Invensys Infusion | C13: Schneider | D13: SE | E13: Infusion
A14: DCS | B14: Schneider Foxboro Evo | C14: Schneider | D14: SE | E14: FoxboroEvo
A15: DCS | B15: Siemens PCS7 | C15: Siemens | D15: SI | E15: PCS7
A16: DCS | B16: Siemens T3000 | C16: Siemens | D16: SI | E16: T3000
A17: DCS | B17: Yokogawa Centum CS3000 | C17: Yokogawa | D17: YKGW | E17: CentumCS3000
A18: DCS | B18: Yokogawa Centum VP | C18: Yokogawa | D18: YKGW | E18: CentumVP
A19: ManualInventory | B19: [Manual-Inventory] | C19: PAS | D19: =C19 -> PAS | E19: ManualInventory
A20: Historian | B20: Aspen IP21 | C20: Aspen | D20: AZPN | E20: IP21
A21: Historian | B21: OSISoft PI | C21: OSI | D21: =C21 -> OSI | E21: PI
A22: Historian | B22: HW PHD | C22: HWL | D22: =C22 -> HWL | E22: PHD
A23: HMI | B23: WonderWare InTouch | C23: Schneider | D23: SE | E23: InTouch
A24: MISC | B24: GE Alspa | C24: GE | D24: =C24 -> GE | E24: Alspa
A25: MISC | B25: HIMA ELOP II | C25: HIMA | D25: =C25 -> HIMA | E25: ELOPII
A26: MISC | B26: Honeywell Intuition Executive | C26: Honeywell | D26: HWL | E26: IntuitionExecutive
A27: MISC | B27: Honeywell Intuition Forms | C27: Honeywell | D27: HWL | E27: IntuitionForms
A28: MISC | B28: Honeywell RMPCT | C28: Honeywell | D28: HWL | E28: RMPCT
A29: MISC | B29: HWL PHD | C29: Honeywell | D29: HWL | E29: PHD
A30: MISC | B30: Intergraph INtools | C30: Integraph | D30: =C30 -> Integraph | E30: INtools
A31: MISC | B31: Intergraph Smart Instrumentation | C31: Integraph | D31: =C31 -> Integraph | E31: SmartIntrument
A32: MISC | B32: PAS Sensor Data Integrity | C32: PAS | D32: PAS | E32: SDI
A33: MISC | B33: SKF Aptitude Observer | C33: SKF | D33: =C33 -> SKF | E33: AptitudeObserver
A34: MISC | B34: Woodward GAP | C34: Woodward | D34: =C34 -> Woodward | E34: GAP
A35: NetworkDevices | B35: PAS Network Devices | C35: PAS | D35: =C35 -> PAS | E35: NetworkDevices
A36: NetworkDevices | B36: SNMP Network Devices | C36: PAS | D36: =C36 -> PAS | E36: SNMP_NetworkDevices
A37: Recon | B37: PAS Recon | C37: PAS | D37: =C37 -> PAS | E37: Recon
A38: PLC | B38: AB ControlLogix | C38: AB | D38: =C38 -> AB | E38: CtrLogix
A39: PLC | B39: AB PLC5 | C39: AB | D39: =C39 -> AB | E39: PLC5
A40: PLC | B40: AB SLC500 | C40: AB | D40: =C40 -> AB | E40: SLC500
A41: PLC | B41: ABB 800xA | C41: ABB | D41: =C41 -> ABB | E41: 800xA
A42: PLC | B42: GE Fanuc 90 | C42: GE | D42: =C42 -> GE | E42: Fanuc90
A43: PLC | B43: GE Proficy ME | C43: GE | D43: =C43 -> GE | E43: ProficyME
A44: PLC | B44: Modicon Proworx | C44: Schneider | D44: SE | E44: Proworx
A45: PLC | B45: Modicon ProWorx32 | C45: Schneider | D45: SE | E45: ProWorx32
A46: PLC | B46: Rockwell FactoryTalk AssetCentre | C46: ROK | D46: ROK | E46: AssetCentre
A47: PLC | B47: Rockwell Studio 5000 | C47: ROK | D47: ROK | E47: Studio5000
A48: PLC | B48: Schneider Unity Pro | C48: Schneider | D48: SE | E48: UnityPro
A49: PLC | B49: Siemens S7 400 | C49: Siemens | D49: SI | E49: S7_400
A50: RTU | B50: ScHWLeitzer Relays | C50: ScHWLeitzer | D50: SEL | E50: Relays
A51: SCADA | B51: GE Cimplicity | C51: GE | D51: =C51 -> GE | E51: Cimplicity
A52: SIS | B52: Honeywell FSC | C52: Honeywell | D52: HWL | E52: FSC
A53: SIS | B53: Honeywell LM | C53: Honeywell | D53: HWL | E53: LM
A54: SIS | B54: Honeywell SM | C54: Honeywell | D54: HWL | E54: SM
A55: SIS | B55: ICS Triplex Trusted | C55: Schneider | D55: SE | E55: TriplexTrusted
A56: SIS | B56: Triconex MSW | C56: Schneider | D56: SE | E56: MSW
A57: SIS | B57: Triconex TS1131 | C57: Schneider | D57: SE | E57: TRX
A58: SIS | B58: Yokogawa Prosafe RS | C58: Yokogawa | D58: YKGW | E58: ProsafeRS
A59: TCS | B59: Aspen IQ | C59: Aspen | D59: =C59 -> Aspen | E59: IQ
A60: TCS | B60: GE Mark V | C60: GE | D60: =C60 -> GE | E60: MarkV
A61: TCS | B61: GE Mark VI | C61: GE | D61: =C61 -> GE | E61: MarkVI
A62: TCS | B62: Woodward GAP | C62: Woodward | D62: Woodward | E62: GAP
A63: TCS | B63: GE Mark VIe | C63: GE | D63: =C63 -> GE | E63: MarkVIe
A64: VMS | B64: Bently Nevada 3500 | C64: Bently | D64: GE | E64: BN3500

Sheet Selections
A1: Asset Type | B1: Drive | C1: DCS Models | D1: Manual Models | E1: MISC Models | F1: NetworkDevices Models | G1: PLC Models | H1: Recon Models | I1: RTU Models | J1: SCADA Models | K1: SIS Models | L1: TCS Models | M1: VMS Models | N1: APC Models | O1: FGS Models | P1: Historian Models
A3: DCS | B3: C | C3: ABB 800xA | D3: [Manual-Inventory] | E3: Honeywell Intuition Executive | F3: PAS Network Devices | G3: AB ControlLogix | H3: PAS Recon | I3: Schweitzer Relays | J3: GE Cimplicity | K3: Honeywell FSC | L3: GE Mark V | M3: Bently Nevada 3500 | N3: Aspen DMCplus | O3: GE Cimplicity | P3: Aspen IP21
A4: NetworkDevices | B4: D | C4: ABB Freelance | E4: Honeywell Intuition Forms | F4: SNMP Network Devices | G4: AB PLC5 | J4: WonderWare InTouch | K4: Honeywell LM | L4: GE Mark VI | M4: SKF Aptitude Observer | N4: Honeywell RMPCT | O4: Honeywell SM | P4: HW PHD
A5: Recon | B5: E | C5: ABB Harmony | E5: Intergraph INtools | G5: AB SLC500 | J5: GE Proficy ME | K5: Honeywell SM | L5: GE Mark VIe | M5: GE Cimplicity | N5: Honeywell AFM | O5: Yokogawa Prosafe RS | P5: OSISoft PI
A6: SIS | B6: F | C6: ABB Symphony Plus | E6: Intergraph Smart Instrumentation | G6: GE Fanuc 90 | J6: GE Alspa | K6: ICS Triplex Trusted | L6: Woodward GAP | N6: Honeywell BCM | O6: Triconex TS1131 | P6: PAS PlantState Configuration
A7: PLC | B7: G | C7: Emerson DeltaV | E7: Emerson – AMS | G7: GE Proficy ME | K7: Triconex MSW | L7: Triconex TS1131 | N7: Aspen IQ | O7: HIMA ELOP II
A8: VMS | B8: H | C8: Emerson Ovation | E8: Honeywell FDM | G8: Rockwell FactoryTalk AssetCentre | K8: Triconex TS1131 | L8: GE Alspa | O8: WonderWare InTouch
A9: FGS | C9: Honeywell EPKS | E9: PAS Sensor Data Integrity | G9: Rockwell Studio 5000 | K9: Yokogawa Prosafe RS
A10: TCS | C10: Honeywell TPS | E10: Yokogawa PRM | G10: Modicon Proworx | K10: HIMA ELOP II
A11: Historian | C11: Invensys CTS | G11: Modicon ProWorx32
A12: APC | C12: Invensys FoxIA | G12: Siemens S7 400
A13: ManualInventory | C13: Invensys Infusion | G13: Siemens TIA Portal
A14: SCADA | C14: Schneider Foxboro Evo | G14: Schneider Unity Pro
A15: RTU | C15: Siemens PCS7
A16: MISC | C16: Siemens T3000
C17: Yokogawa Centum CS3000
C18: Yokogawa Centum VP
